Date,Open,High,Low,Close,Adj Close,Volume,foreign_buy,foreign_sell,investment_trust_buy,investment_trust_sell,self_buy,self_sell
2020-01-02,26.0,26.0,25.450000762939453,25.450000762939453,24.98107147216797,17000,0,0,0,0,0,0
2020-01-03,25.850000381469727,25.89999961853028,25.600000381469727,25.700000762939453,25.226465225219727,46000,0,0,0,0,0,0
2020-01-06,25.5,25.5,25.200000762939453,25.299999237060547,24.833833694458008,25000,0,0,0,0,0,0
2020-01-07,25.100000381469727,25.100000381469727,24.700000762939453,24.799999237060547,24.34304618835449,47000,0,0,0,0,0,0
2020-01-08,25.100000381469727,25.100000381469727,24.700000762939453,24.799999237060547,24.34304618835449,47000,0,0,0,0,0,0
2020-01-09,25.799999237060547,25.799999237060547,25.0,25.0,24.53936195373535,48000,0,0,0,0,0,0
2020-01-10,25.39999961853028,25.450000762939453,25.200000762939453,25.200000762939453,24.73567771911621,35000,0,0,0,0,0,0
2020-01-13,25.299999237060547,25.5,25.200000762939453,25.5,25.030149459838867,32000,0,0,0,0,0,0
2020-01-14,25.75,25.75,25.25,25.299999237060547,24.833833694458008,43000,0,0,0,0,0,0
2020-01-15,27.200000762939453,27.200000762939453,25.549999237060547,25.799999237060547,25.324621200561523,109000,0,0,0,0,0,0
2020-01-16,25.549999237060547,25.700000762939453,25.39999961853028,25.5,25.030149459838867,25000,0,0,0,0,0,0
2020-01-17,25.5,25.5,25.14999961853028,25.25,24.78475379943848,54001,0,0,0,0,0,0
2020-01-20,25.14999961853028,25.200000762939453,25.0,25.0,24.53936195373535,46000,0,0,0,0,0,0
2020-01-30,22.600000381469727,23.0,22.5,22.5,22.085424423217773,266000,0,0,0,0,0,0
2020-01-31,21.39999961853028,22.950000762939453,21.39999961853028,22.89999961853028,22.47805404663086,57041,0,0,0,0,0,0
2020-02-03,22.700000762939453,23.200000762939453,21.299999237060547,23.0,22.57621383666992,80000,0,0,0,0,0,0
2020-02-04,23.0,23.5,22.799999237060547,23.39999961853028,22.968843460083008,22000,0,0,0,0,0,0
2020-02-05,23.0,23.5,22.799999237060547,23.39999961853028,22.968843460083008,22000,0,0,0,0,0,0
2020-02-06,23.5,23.799999237060547,23.100000381469727,23.549999237060547,23.116077423095703,39000,0,0,0,0,0,0
2020-02-07,23.549999237060547,23.549999237060547,23.549999237060547,23.549999237060547,23.116077423095703,0,0,0,0,0,0,0
2020-02-10,24.5,24.5,24.299999237060547,24.299999237060547,23.852258682250977,36000,0,0,0,0,0,0
2020-02-11,25.299999237060547,25.5,24.350000381469727,24.350000381469727,23.901338577270508,29000,0,0,0,0,0,0
2020-02-12,24.39999961853028,25.350000381469727,24.14999961853028,25.350000381469727,24.88291358947754,40000,0,0,0,0,0,0
2020-02-13,25.450000762939453,25.549999237060547,24.700000762939453,25.299999237060547,24.833833694458008,27000,0,0,0,0,0,0
2020-02-14,25.25,25.25,24.5,25.200000762939453,24.73567771911621,43003,0,0,0,0,0,0
2020-02-17,25.100000381469727,25.100000381469727,24.600000381469727,25.0,24.53936195373535,30000,0,0,0,0,0,0
2020-02-18,25.350000381469727,25.350000381469727,24.600000381469727,24.75,24.2939682006836,23000,0,0,0,0,0,0
2020-02-19,24.549999237060547,24.950000762939453,24.450000762939453,24.950000762939453,24.490283966064453,22000,0,0,0,0,0,0
2020-02-20,24.89999961853028,24.89999961853028,24.39999961853028,24.89999961853028,24.44120216369629,31000,0,0,0,0,0,0
2020-02-21,24.5,24.89999961853028,24.39999961853028,24.89999961853028,24.44120216369629,29002,0,0,0,0,0,0
2020-02-24,24.5,24.549999237060547,23.89999961853028,24.549999237060547,24.09765243530273,39000,0,0,0,0,0,0
2020-02-25,24.0,24.450000762939453,23.950000762939453,24.450000762939453,23.999496459960938,24000,0,0,0,0,0,0
2020-02-26,23.799999237060547,24.14999961853028,23.799999237060547,24.14999961853028,23.70502471923828,31000,0,0,0,0,0,0
2020-02-27,23.700000762939453,24.14999961853028,23.700000762939453,24.049999237060547,23.60686492919922,18000,0,0,0,0,0,0
2020-03-02,23.049999237060547,23.799999237060547,22.850000381469727,23.799999237060547,23.361473083496094,24000,0,0,0,0,0,0
2020-03-03,23.700000762939453,24.0,23.5,23.950000762939453,23.508708953857425,25000,0,0,0,0,0,0
2020-03-04,23.950000762939453,24.39999961853028,23.75,24.39999961853028,23.950416564941406,20000,0,0,0,0,0,0
2020-03-05,24.39999961853028,24.39999961853028,23.850000381469727,23.850000381469727,23.410551071166992,17000,0,0,0,0,0,0
2020-03-06,23.700000762939453,23.700000762939453,22.64999961853028,23.64999961853028,23.214235305786133,44000,0,0,0,0,0,0
2020-03-09,23.299999237060547,23.450000762939453,22.39999961853028,23.299999237060547,22.870683670043945,41000,0,0,0,0,0,0
2020-03-10,22.200000762939453,22.850000381469727,22.14999961853028,22.700000762939453,22.281742095947266,48000,0,0,0,0,0,0
2020-03-11,23.200000762939453,23.200000762939453,22.25,22.600000381469727,22.18358421325684,33000,0,0,0,0,0,0
2020-03-12,21.799999237060547,21.850000381469727,20.350000381469727,20.850000381469727,20.46582794189453,96000,0,0,0,0,0,0
2020-03-13,19.049999237060547,19.049999237060547,18.799999237060547,19.0,18.6499137878418,99000,0,0,0,0,0,0
2020-03-16,17.399999618530273,19.049999237060547,17.149999618530273,17.149999618530273,16.834001541137695,171000,0,0,0,0,0,0
2020-03-17,16.049999237060547,16.299999237060547,15.449999809265137,16.299999237060547,15.999662399291992,186000,0,0,0,0,0,0
2020-03-18,16.299999237060547,16.399999618530273,15.199999809265137,15.949999809265137,15.656112670898438,117000,0,0,0,0,0,0
2020-03-19,14.899999618530272,14.899999618530272,14.399999618530272,14.399999618530272,14.134672164916992,64000,0,0,0,0,0,0
2020-03-20,13.399999618530272,15.550000190734863,13.399999618530272,15.550000190734863,15.263484001159668,122000,0,0,0,0,0,0
2020-03-23,14.399999618530272,14.800000190734863,14.050000190734863,14.800000190734863,14.527302742004396,48000,0,0,0,0,0,0
2020-03-24,14.75,15.399999618530272,14.75,15.0,14.723617553710938,12000,0,0,0,0,0,0
2020-03-25,15.5,15.5,15.100000381469728,15.199999809265137,14.91993236541748,23000,0,0,0,0,0,0
2020-03-26,14.600000381469728,16.049999237060547,14.600000381469728,15.649999618530272,15.361639976501465,23000,0,0,0,0,0,0
2020-03-27,15.649999618530272,15.699999809265137,15.5,15.5,15.214404106140137,15000,0,0,0,0,0,0
2020-03-30,15.5,15.5,15.5,15.5,15.214404106140137,2000,0,0,0,0,0,0
2020-03-31,15.5,15.899999618530272,15.5,15.899999618530272,15.607033729553224,3000,0,0,0,0,0,0
2020-04-01,16.0,16.0,15.800000190734863,15.850000381469728,15.557955741882324,26000,0,0,0,0,0,0
2020-04-06,15.850000381469728,16.200000762939453,15.800000190734863,15.899999618530272,15.607033729553224,12000,0,0,0,0,0,0
2020-04-07,16.399999618530273,16.399999618530273,15.899999618530272,16.299999237060547,15.999662399291992,20000,0,0,0,0,0,0
2020-04-08,16.049999237060547,16.799999237060547,16.0,16.5,16.195980072021484,40000,0,0,0,0,0,0
2020-04-09,16.25,16.549999237060547,16.049999237060547,16.5,16.195980072021484,31000,0,0,0,0,0,0
2020-04-10,16.200000762939453,16.75,16.200000762939453,16.700000762939453,16.39229393005371,52000,0,0,0,0,0,0
2020-04-13,16.700000762939453,16.700000762939453,16.25,16.149999618530273,15.85242748260498,12000,0,0,0,0,0,0
2020-04-14,16.25,16.600000381469727,16.25,16.450000762939453,16.146902084350586,19000,0,0,0,0,0,0
2020-04-15,16.600000381469727,18.049999237060547,16.600000381469727,18.049999237060547,17.717418670654297,102000,0,0,0,0,0,0
2020-04-16,18.200000762939453,19.850000381469727,18.200000762939453,19.850000381469727,19.4842529296875,304000,0,0,0,0,0,0
2020-04-17,21.799999237060547,21.799999237060547,20.100000381469727,20.200000762939453,19.827804565429688,258000,0,0,0,0,0,0
2020-04-20,20.5,20.5,19.799999237060547,19.799999237060547,19.43517303466797,44000,0,0,0,0,0,0
2020-04-21,19.799999237060547,19.799999237060547,18.600000381469727,18.600000381469727,18.257286071777344,26000,0,0,0,0,0,0
2020-04-22,18.64999961853028,19.350000381469727,18.64999961853028,19.0,18.6499137878418,6000,0,0,0,0,0,0
2020-04-23,19.25,19.25,18.700000762939453,19.100000381469727,18.748071670532227,2000,0,0,0,0,0,0
2020-04-24,19.0,19.200000762939453,18.549999237060547,19.200000762939453,18.84623146057129,5000,0,0,0,0,0,0
2020-04-27,18.799999237060547,19.200000762939453,18.799999237060547,19.200000762939453,18.84623146057129,20000,0,0,0,0,0,0
2020-04-28,19.299999237060547,19.299999237060547,18.64999961853028,18.799999237060547,18.45359992980957,40000,0,0,0,0,0,0
2020-04-29,19.14999961853028,20.600000381469727,19.049999237060547,20.549999237060547,20.17135429382324,65000,0,0,0,0,0,0
2020-04-30,20.450000762939453,21.0,19.799999237060547,19.799999237060547,19.43517303466797,45000,0,0,0,0,0,0
2020-05-04,19.799999237060547,20.14999961853028,19.799999237060547,19.799999237060547,19.43517303466797,5000,0,0,0,0,0,0
2020-05-05,19.799999237060547,19.799999237060547,19.549999237060547,19.700000762939453,19.33701705932617,23000,0,0,0,0,0,0
2020-05-06,19.799999237060547,19.799999237060547,19.5,19.5,19.140701293945312,9000,0,0,0,0,0,0
2020-05-07,19.799999237060547,19.799999237060547,19.39999961853028,19.64999961853028,19.28793907165528,36000,0,0,0,0,0,0
2020-05-08,19.950000762939453,19.950000762939453,18.850000381469727,18.850000381469727,18.5026798248291,12000,0,0,0,0,0,0
2020-05-11,19.5,19.5,19.299999237060547,19.39999961853028,19.042543411254883,32000,0,0,0,0,0,0
2020-05-12,19.450000762939453,19.799999237060547,19.39999961853028,19.450000762939453,19.09162330627441,26000,0,0,0,0,0,0
2020-05-13,19.600000381469727,19.950000762939453,19.0,19.700000762939453,19.33701705932617,26000,0,0,0,0,0,0
2020-05-14,19.950000762939453,20.100000381469727,18.850000381469727,19.0,18.6499137878418,54000,0,0,0,0,0,0
2020-05-15,19.549999237060547,19.549999237060547,19.25,19.25,18.895309448242188,12000,0,0,0,0,0,0
2020-05-18,19.25,19.25,19.25,19.25,18.895309448242188,0,0,0,0,0,0,0
2020-05-19,19.350000381469727,19.350000381469727,18.799999237060547,18.799999237060547,18.45359992980957,15000,0,0,0,0,0,0
2020-05-20,18.64999961853028,18.75,18.5,18.549999237060547,18.20820617675781,36000,0,0,0,0,0,0
2020-05-21,18.64999961853028,18.64999961853028,18.5,18.64999961853028,18.30636215209961,5000,0,0,0,0,0,0
2020-05-22,19.100000381469727,19.100000381469727,18.39999961853028,18.39999961853028,18.060970306396484,2000,0,0,0,0,0,0
2020-05-25,18.75,18.75,18.100000381469727,18.100000381469727,17.766498565673828,11000,0,0,0,0,0,0
2020-05-26,18.100000381469727,18.25,18.0,18.100000381469727,17.766498565673828,17000,0,0,0,0,0,0
2020-05-27,18.100000381469727,18.100000381469727,17.600000381469727,18.0,17.6683406829834,218000,0,0,0,0,0,0
2020-05-28,18.350000381469727,19.799999237060547,18.350000381469727,19.799999237060547,19.43517303466797,86000,0,0,0,0,0,0
2020-05-29,21.700000762939453,21.75,20.700000762939453,21.0,20.61306381225586,263000,0,0,0,0,0,0
2020-06-01,20.700000762939453,21.25,20.299999237060547,20.39999961853028,20.02411842346192,64000,0,0,0,0,0,0
2020-06-02,21.299999237060547,21.299999237060547,20.049999237060547,21.5,21.10385131835937,13000,0,0,0,0,0,0
2020-06-03,20.64999961853028,20.89999961853028,20.049999237060547,20.549999237060547,20.17135429382324,33000,0,0,0,0,0,0
2020-06-04,20.89999961853028,21.0,20.5,20.5,20.122276306152344,16000,0,0,0,0,0,0
2020-06-05,20.700000762939453,20.799999237060547,20.5,20.799999237060547,20.416748046875,22000,0,0,0,0,0,0
2020-06-08,20.799999237060547,21.0,20.450000762939453,20.450000762939453,20.073198318481445,11000,0,0,0,0,0,0
2020-06-09,20.64999961853028,20.64999961853028,20.5,20.600000381469727,20.220434188842773,5000,0,0,0,0,0,0
2020-06-10,20.600000381469727,20.700000762939453,20.5,20.5,20.122276306152344,7000,0,0,0,0,0,0
2020-06-11,20.100000381469727,20.100000381469727,19.64999961853028,19.64999961853028,19.28793907165528,11000,0,0,0,0,0,0
2020-06-12,19.600000381469727,20.600000381469727,19.600000381469727,19.600000381469727,19.23886108398437,15000,0,0,0,0,0,0
2020-06-15,19.64999961853028,19.64999961853028,19.64999961853028,19.64999961853028,19.28793907165528,2000,0,0,0,0,0,0
2020-06-16,19.549999237060547,19.950000762939453,19.549999237060547,19.950000762939453,19.58241271972656,9000,0,0,0,0,0,0
2020-06-17,19.799999237060547,19.950000762939453,19.799999237060547,19.799999237060547,19.43517303466797,13000,0,0,0,0,0,0
2020-06-18,19.549999237060547,19.600000381469727,19.39999961853028,19.450000762939453,19.09162330627441,19000,0,0,0,0,0,0
2020-06-19,19.450000762939453,19.75,19.450000762939453,19.700000762939453,19.33701705932617,17000,0,0,0,0,0,0
2020-06-22,19.799999237060547,20.0,19.700000762939453,20.0,19.631488800048828,15000,0,0,0,0,0,0
2020-06-23,19.799999237060547,19.799999237060547,19.700000762939453,19.700000762939453,19.33701705932617,323000,0,0,0,0,0,0
2020-06-24,20.0,20.0,19.200000762939453,19.64999961853028,19.28793907165528,29000,0,0,0,0,0,0
2020-06-29,20.299999237060547,21.0,19.5,21.0,20.61306381225586,118000,0,0,0,0,0,0
2020-06-30,21.600000381469727,21.600000381469727,20.450000762939453,20.799999237060547,20.416748046875,369000,0,0,0,0,0,0
2020-07-01,20.799999237060547,20.799999237060547,20.350000381469727,20.39999961853028,20.02411842346192,17000,0,0,0,0,0,0
2020-07-02,20.39999961853028,20.39999961853028,20.200000762939453,22.39999961853028,21.987268447875977,15000,0,0,0,0,0,0
2020-07-03,20.14999961853028,20.450000762939453,20.0,20.049999237060547,19.680566787719727,34000,0,0,0,0,0,0
2020-07-06,20.0,20.200000762939453,19.950000762939453,20.049999237060547,19.680566787719727,25000,0,0,0,0,0,0
2020-07-07,20.100000381469727,20.100000381469727,19.850000381469727,22.049999237060547,21.64371681213379,22000,0,0,0,0,0,0
2020-07-08,20.0,20.100000381469727,19.950000762939453,20.0,19.631488800048828,35000,0,0,0,0,0,0
2020-07-09,19.89999961853028,19.89999961853028,19.799999237060547,19.950000762939453,19.78021240234375,32000,0,0,0,0,0,0
2020-07-10,21.450000762939453,21.450000762939453,20.0,20.049999237060547,19.87936019897461,58000,0,0,0,0,0,0
2020-07-13,20.100000381469727,20.549999237060547,19.799999237060547,19.89999961853028,19.73063850402832,40000,0,0,0,0,0,0
2020-07-14,19.75,20.0,19.700000762939453,19.75,19.5819149017334,21000,0,0,0,0,0,0
2020-07-15,19.799999237060547,20.14999961853028,19.75,19.75,19.5819149017334,11000,0,0,0,0,0,0
2020-07-16,19.850000381469727,20.0,19.75,19.75,19.5819149017334,11000,0,0,0,0,0,0
2020-07-17,19.75,19.850000381469727,19.75,19.850000381469727,19.68106460571289,2000,0,0,0,0,0,0
2020-07-20,19.799999237060547,20.450000762939453,19.799999237060547,20.350000381469727,20.17680931091309,11000,0,0,0,0,0,0
2020-07-21,20.350000381469727,20.549999237060547,20.0,20.0,19.82978630065918,36000,0,0,0,0,0,0
2020-07-22,20.0,20.200000762939453,19.89999961853028,20.0,19.82978630065918,22000,0,0,0,0,0,0
2020-07-23,19.950000762939453,20.100000381469727,19.950000762939453,19.950000762939453,19.78021240234375,49000,0,0,0,0,0,0
2020-07-24,19.950000762939453,20.14999961853028,19.89999961853028,19.89999961853028,19.73063850402832,19000,0,0,0,0,0,0
2020-07-27,19.850000381469727,19.950000762939453,19.5,19.5,19.334041595458984,22000,0,0,0,0,0,0
2020-07-28,19.5,19.5,18.5,19.39999961853028,19.234893798828125,34000,0,0,0,0,0,0
2020-07-29,18.799999237060547,19.5,18.799999237060547,19.0,18.83829689025879,30000,0,0,0,0,0,0
2020-07-30,19.0,19.299999237060547,19.0,19.299999237060547,19.13574409484864,4000,0,0,0,0,0,0
2020-07-31,18.89999961853028,18.89999961853028,18.75,18.799999237060547,18.63999938964844,38000,0,0,0,0,0,0
2020-08-03,18.850000381469727,19.850000381469727,18.850000381469727,18.950000762939453,18.788724899291992,17000,0,0,0,0,0,0
2020-08-04,19.39999961853028,19.39999961853028,19.0,19.0,18.83829689025879,7000,0,0,0,0,0,0
2020-08-05,19.5,19.600000381469727,19.100000381469727,20.89999961853028,20.72212791442871,25000,0,0,0,0,0,0
2020-08-06,19.14999961853028,19.5,19.100000381469727,19.5,19.334041595458984,13000,0,0,0,0,0,0
2020-08-07,19.14999961853028,19.700000762939453,19.14999961853028,19.700000762939453,19.53234100341797,17000,0,0,0,0,0,0
2020-08-10,19.700000762939453,19.700000762939453,19.200000762939453,19.0,18.83829689025879,17000,0,0,0,0,0,0
2020-08-11,19.89999961853028,20.549999237060547,19.25,19.25,19.086170196533203,104000,0,0,0,0,0,0
2020-08-12,19.0,19.75,19.0,19.700000762939453,19.53234100341797,15000,0,0,0,0,0,0
2020-08-13,19.25,19.700000762939453,19.0,19.450000762939453,19.284467697143555,12000,0,0,0,0,0,0
2020-08-14,19.14999961853028,19.450000762939453,19.14999961853028,19.14999961853028,18.98702049255371,9000,0,0,0,0,0,0
2020-08-17,19.200000762939453,19.950000762939453,19.0,19.700000762939453,19.53234100341797,27000,0,0,0,0,0,0
2020-08-18,19.25,19.25,18.799999237060547,18.799999237060547,18.63999938964844,77000,0,0,0,0,0,0
2020-08-19,18.549999237060547,18.549999237060547,18.049999237060547,18.299999237060547,18.14425468444824,56000,0,0,0,0,0,0
2020-08-20,18.049999237060547,18.049999237060547,17.100000381469727,17.450000762939453,17.301490783691406,39000,0,0,0,0,0,0
2020-08-21,16.700000762939453,17.899999618530273,16.700000762939453,17.799999237060547,17.648509979248047,12000,0,0,0,0,0,0
2020-08-24,17.600000381469727,18.39999961853028,17.600000381469727,18.350000381469727,18.193830490112305,17000,0,0,0,0,0,0
2020-08-25,18.5,18.600000381469727,18.5,18.5,18.3425521850586,19000,0,0,0,0,0,0
2020-08-26,18.049999237060547,18.450000762939453,18.0,18.450000762939453,18.2929801940918,17000,0,0,0,0,0,0
2020-08-27,18.600000381469727,18.600000381469727,18.0,18.0,17.8468074798584,9000,0,0,0,0,0,0
2020-08-28,17.75,18.100000381469727,17.700000762939453,18.049999237060547,17.896381378173828,8000,0,0,0,0,0,0
2020-08-31,17.799999237060547,18.0,17.299999237060547,17.549999237060547,17.400636672973633,93000,0,0,0,0,0,0
2020-09-01,17.549999237060547,17.799999237060547,17.399999618530273,17.600000381469727,17.450212478637695,19000,0,0,0,0,0,0
2020-09-02,17.549999237060547,17.899999618530273,17.450000762939453,17.799999237060547,17.648509979248047,33000,0,0,0,0,0,0
2020-09-03,18.14999961853028,18.14999961853028,17.700000762939453,17.700000762939453,17.549362182617188,16000,0,0,0,0,0,0
2020-09-04,17.799999237060547,17.799999237060547,17.600000381469727,17.600000381469727,17.450212478637695,3000,0,0,0,0,0,0
2020-09-07,17.350000381469727,17.5,17.200000762939453,17.5,17.351062774658203,18000,0,0,0,0,0,0
2020-09-08,17.399999618530273,17.450000762939453,17.200000762939453,17.299999237060547,17.15276527404785,47000,0,0,0,0,0,0
2020-09-09,17.299999237060547,17.299999237060547,17.299999237060547,17.299999237060547,17.15276527404785,2000,0,0,0,0,0,0
2020-09-10,17.850000381469727,19.0,17.600000381469727,19.0,18.83829689025879,253000,0,0,0,0,0,0
2020-09-11,19.299999237060547,20.89999961853028,19.299999237060547,20.89999961853028,20.72212791442871,434000,0,0,0,0,0,0
2020-09-14,21.799999237060547,22.950000762939453,20.950000762939453,21.100000381469727,20.920425415039062,633000,0,0,0,0,0,0
2020-09-15,21.75,21.850000381469727,19.799999237060547,20.100000381469727,19.928936004638672,235000,0,0,0,0,0,0
2020-09-16,20.100000381469727,20.100000381469727,19.350000381469727,19.450000762939453,19.284467697143555,112000,0,0,0,0,0,0
2020-09-17,19.89999961853028,21.0,19.89999961853028,20.0,19.82978630065918,99000,0,0,0,0,0,0
2020-09-18,20.100000381469727,20.100000381469727,19.299999237060547,19.799999237060547,19.631488800048828,34000,0,0,0,0,0,0
2020-09-21,20.0,20.0,19.350000381469727,19.600000381469727,19.43319129943848,32000,0,0,0,0,0,0
2020-09-22,19.200000762939453,19.200000762939453,18.850000381469727,18.89999961853028,18.73914909362793,92000,0,0,0,0,0,0
2020-09-23,18.850000381469727,19.450000762939453,18.5,18.5,18.3425521850586,38000,0,0,0,0,0,0
2020-09-24,18.450000762939453,18.850000381469727,18.0,18.0,17.8468074798584,41000,0,0,0,0,0,0
2020-09-25,18.200000762939453,18.299999237060547,17.700000762939453,17.899999618530273,17.74765968322754,43000,0,0,0,0,0,0
2020-09-28,18.049999237060547,18.299999237060547,17.700000762939453,18.25,18.09468078613281,51000,0,0,0,0,0,0
2020-09-29,18.200000762939453,18.200000762939453,17.75,17.75,17.598936080932617,8000,0,0,0,0,0,0
2020-09-30,17.950000762939453,18.14999961853028,17.950000762939453,18.14999961853028,17.99553108215332,11000,0,0,0,0,0,0
2020-10-05,17.950000762939453,18.100000381469727,17.899999618530273,18.100000381469727,17.94595718383789,6000,0,0,0,0,0,0
2020-10-06,18.299999237060547,18.299999237060547,18.14999961853028,18.299999237060547,18.14425468444824,5000,0,0,0,0,0,0
2020-10-07,18.350000381469727,18.350000381469727,18.100000381469727,18.100000381469727,17.94595718383789,8000,0,0,0,0,0,0
2020-10-08,18.200000762939453,18.200000762939453,18.0,18.100000381469727,17.94595718383789,19000,0,0,0,0,0,0
2020-10-12,18.39999961853028,18.450000762939453,18.0,18.0,17.8468074798584,20000,0,0,0,0,0,0
2020-10-13,18.0,18.049999237060547,18.0,18.049999237060547,17.896381378173828,8000,0,0,0,0,0,0
2020-10-14,17.899999618530273,18.0,17.899999618530273,18.0,17.8468074798584,11000,0,0,0,0,0,0
2020-10-15,18.25,18.350000381469727,17.799999237060547,18.14999961853028,17.99553108215332,18000,0,0,0,0,0,0
2020-10-16,18.350000381469727,18.350000381469727,17.899999618530273,18.0,17.8468074798584,20000,0,0,0,0,0,0
2020-10-19,18.0,18.0,17.450000762939453,17.450000762939453,17.301490783691406,25000,0,0,0,0,0,0
2020-10-20,17.450000762939453,17.5,17.350000381469727,17.350000381469727,17.202341079711914,23000,0,0,0,0,0,0
2020-10-21,17.5,17.5,17.25,17.25,17.103191375732422,16000,0,0,0,0,0,0
2020-10-22,17.450000762939453,18.100000381469727,17.450000762939453,18.0,17.8468074798584,18000,0,0,0,0,0,0
2020-10-23,18.0,18.0,17.399999618530273,17.5,17.351062774658203,49000,0,0,0,0,0,0
2020-10-26,17.549999237060547,17.950000762939453,17.299999237060547,17.950000762939453,17.7972354888916,10000,0,0,0,0,0,0
2020-10-27,17.450000762939453,17.950000762939453,17.450000762939453,17.600000381469727,17.450212478637695,4000,0,0,0,0,0,0
2020-10-28,17.799999237060547,17.899999618530273,17.649999618530273,17.649999618530273,17.499786376953125,11000,0,0,0,0,0,0
2020-10-29,17.649999618530273,17.649999618530273,17.649999618530273,17.649999618530273,17.499786376953125,6000,0,0,0,0,0,0
2020-10-30,17.649999618530273,17.649999618530273,17.399999618530273,17.399999618530273,17.251914978027344,10000,0,0,0,0,0,0
2020-11-02,17.399999618530273,17.799999237060547,17.399999618530273,17.700000762939453,17.549362182617188,3000,0,0,0,0,0,0
2020-11-03,17.5,17.600000381469727,17.450000762939453,17.450000762939453,17.301490783691406,19000,0,0,0,0,0,0
2020-11-04,17.600000381469727,17.700000762939453,17.350000381469727,17.350000381469727,17.202341079711914,22000,0,0,0,0,0,0
2020-11-05,17.350000381469727,17.350000381469727,17.25,17.25,17.103191375732422,15000,0,0,0,0,0,0
2020-11-06,17.25,17.25,17.200000762939453,17.200000762939453,17.053617477416992,17000,0,0,0,0,0,0
2020-11-09,17.25,17.299999237060547,17.25,17.299999237060547,17.15276527404785,4000,0,0,0,0,0,0
2020-11-10,17.299999237060547,17.299999237060547,17.299999237060547,17.299999237060547,17.15276527404785,2000,0,0,0,0,0,0
2020-11-11,17.299999237060547,18.39999961853028,17.299999237060547,17.700000762939453,17.549362182617188,52000,0,0,0,0,0,0
2020-11-12,18.200000762939453,19.450000762939453,18.200000762939453,19.450000762939453,19.284467697143555,215000,0,0,0,0,0,0
2020-11-13,20.14999961853028,20.600000381469727,19.64999961853028,20.0,19.82978630065918,394000,0,0,0,0,0,0
2020-11-16,19.950000762939453,19.950000762939453,18.950000762939453,19.100000381469727,18.93744659423828,57000,0,0,0,0,0,0
2020-11-17,19.100000381469727,19.200000762939453,18.950000762939453,19.100000381469727,18.93744659423828,20000,0,0,0,0,0,0
2020-11-18,18.89999961853028,20.600000381469727,18.5,20.200000762939453,20.028085708618164,148000,0,0,0,0,0,0
2020-11-19,21.0,21.0,19.25,19.5,19.334041595458984,80000,0,0,0,0,0,0
2020-11-20,19.5,20.100000381469727,19.5,20.0,19.82978630065918,23000,0,0,0,0,0,0
2020-11-23,19.600000381469727,20.0,19.350000381469727,19.350000381469727,19.18531990051269,25000,0,0,0,0,0,0
2020-11-24,19.350000381469727,19.89999961853028,19.25,19.25,19.086170196533203,54000,0,0,0,0,0,0
2020-11-25,19.600000381469727,19.600000381469727,19.100000381469727,19.200000762939453,19.036596298217773,9000,0,0,0,0,0,0
2020-11-26,19.200000762939453,19.200000762939453,19.200000762939453,19.200000762939453,19.036596298217773,2000,0,0,0,0,0,0
2020-11-27,19.600000381469727,19.600000381469727,19.25,19.25,19.086170196533203,6000,0,0,0,0,0,0
2020-11-30,19.299999237060547,20.350000381469727,19.299999237060547,19.799999237060547,19.631488800048828,44000,0,0,0,0,0,0
2020-12-01,19.600000381469727,19.600000381469727,19.14999961853028,19.14999961853028,18.98702049255371,31000,0,0,0,0,0,0
2020-12-02,19.5,19.5,19.14999961853028,19.14999961853028,18.98702049255371,8000,0,0,0,0,0,0
2020-12-03,19.200000762939453,19.200000762939453,19.0,19.200000762939453,19.036596298217773,42000,0,0,0,0,0,0
2020-12-04,19.5,19.5,19.25,19.450000762939453,19.284467697143555,16000,0,0,0,0,0,0
2020-12-07,19.600000381469727,19.600000381469727,18.700000762939453,18.75,18.590425491333008,17000,0,0,0,0,0,0
2020-12-08,18.350000381469727,19.100000381469727,18.200000762939453,18.950000762939453,18.788724899291992,26000,0,0,0,0,0,0
2020-12-09,18.950000762939453,19.0,18.950000762939453,19.0,18.83829689025879,9000,0,0,0,0,0,0
2020-12-10,19.450000762939453,19.450000762939453,19.450000762939453,19.450000762939453,19.284467697143555,1000,0,0,0,0,0,0
2020-12-11,19.450000762939453,19.450000762939453,18.950000762939453,19.0,18.83829689025879,9000,0,0,0,0,0,0
2020-12-14,19.0,19.0,18.5,19.0,18.83829689025879,11000,0,0,0,0,0,0
2020-12-15,18.700000762939453,18.89999961853028,18.700000762939453,18.89999961853028,18.73914909362793,5000,0,0,0,0,0,0
2020-12-16,18.64999961853028,18.799999237060547,18.600000381469727,18.700000762939453,18.54085159301757,13000,0,0,0,0,0,0
2020-12-17,18.700000762939453,18.950000762939453,18.600000381469727,18.600000381469727,18.44170188903809,16000,0,0,0,0,0,0
2020-12-18,18.39999961853028,18.549999237060547,18.39999961853028,18.450000762939453,18.2929801940918,41000,0,0,0,0,0,0
2020-12-21,18.549999237060547,18.549999237060547,18.39999961853028,18.39999961853028,18.24340438842773,8000,0,0,0,0,0,0
2020-12-22,18.600000381469727,18.75,18.25,18.25,18.09468078613281,13000,0,0,0,0,0,0
2020-12-23,18.299999237060547,18.450000762939453,18.299999237060547,18.450000762939453,18.2929801940918,6000,0,0,0,0,0,0
2020-12-24,18.39999961853028,19.549999237060547,18.350000381469727,19.049999237060547,18.88787078857422,78000,0,0,0,0,0,0
2020-12-25,19.049999237060547,19.049999237060547,18.700000762939453,18.850000381469727,18.6895751953125,17000,0,0,0,0,0,0
2020-12-28,18.799999237060547,18.799999237060547,18.39999961853028,18.39999961853028,18.24340438842773,10000,0,0,0,0,0,0
2020-12-29,18.799999237060547,19.0,18.299999237060547,18.5,18.3425521850586,77000,0,0,0,0,0,0
2020-12-30,18.39999961853028,20.350000381469727,18.39999961853028,19.25,19.086170196533203,116000,0,0,0,0,0,0
2020-12-31,19.450000762939453,19.450000762939453,18.75,19.200000762939453,19.036596298217773,7000,0,0,0,0,0,0
2021-01-04,19.39999961853028,20.0,19.200000762939453,19.200000762939453,19.036596298217773,49000,0,0,0,0,0,0
2021-01-05,19.5,19.600000381469727,19.049999237060547,19.049999237060547,18.88787078857422,260000,0,0,0,0,0,0
2021-01-06,19.14999961853028,19.14999961853028,19.100000381469727,19.100000381469727,18.93744659423828,18000,0,0,0,0,0,0
2021-01-07,19.100000381469727,19.850000381469727,19.100000381469727,19.25,19.086170196533203,46000,0,0,0,0,0,0
2021-01-08,19.200000762939453,19.450000762939453,18.89999961853028,19.200000762939453,19.036596298217773,17000,0,0,0,0,0,0
2021-01-11,19.450000762939453,21.100000381469727,19.450000762939453,21.100000381469727,20.920425415039062,383000,0,0,0,0,0,0
2021-01-12,22.100000381469727,23.200000762939453,22.100000381469727,23.200000762939453,23.002553939819336,453000,0,0,0,0,0,0
2021-01-13,23.950000762939453,25.5,23.700000762939453,25.5,25.282978057861328,1586000,0,0,0,0,0,0
2021-01-14,28.049999237060547,28.049999237060547,28.049999237060547,28.049999237060547,27.81127548217773,262000,0,0,0,0,0,0
2021-01-15,30.850000381469727,30.850000381469727,30.850000381469727,30.850000381469727,30.587446212768555,261000,0,0,0,0,0,0
2021-01-18,33.900001525878906,33.900001525878906,33.900001525878906,33.900001525878906,33.61149215698242,206000,0,0,0,0,0,0
2021-01-19,37.25,37.25,31.5,31.5,31.231914520263672,2015000,0,0,0,0,0,0
2021-01-20,33.5,33.5,30.850000381469727,30.850000381469727,30.587446212768555,712000,0,0,0,0,0,0
2021-01-21,29.14999961853028,31.64999961853028,29.14999961853028,31.0,30.73616981506348,341000,0,0,0,0,0,0
2021-01-22,30.950000762939453,30.950000762939453,29.600000381469727,29.950000762939453,29.695106506347656,116000,0,0,0,0,0,0
2021-01-25,29.950000762939453,30.799999237060547,29.549999237060547,30.799999237060547,30.53787040710449,182000,0,0,0,0,0,0
2021-01-26,30.799999237060547,31.14999961853028,30.0,30.200000762939453,29.94297981262207,161000,0,0,0,0,0,0
2021-01-27,30.89999961853028,33.20000076293945,30.89999961853028,33.20000076293945,32.91744613647461,275000,0,0,0,0,0,0
2021-01-28,32.54999923706055,34.0,32.400001525878906,33.75,33.462764739990234,174000,0,0,0,0,0,0
2021-01-29,33.900001525878906,34.099998474121094,32.5,32.849998474121094,32.5704231262207,130000,0,0,0,0,0,0
2021-02-01,31.850000381469727,32.650001525878906,31.850000381469727,31.850000381469727,31.578935623168945,77000,0,0,0,0,0,0
2021-02-02,30.14999961853028,32.20000076293945,30.14999961853028,31.89999961853028,31.62850952148437,113000,0,0,0,0,0,0
2021-02-03,30.5,33.150001525878906,30.5,33.150001525878906,32.86787414550781,191000,0,0,0,0,0,0
2021-02-04,34.95000076293945,36.45000076293945,33.29999923706055,36.45000076293945,36.13978576660156,641000,0,0,0,0,0,0
2021-02-05,40.04999923706055,40.04999923706055,40.04999923706055,40.04999923706055,39.70914840698242,361000,0,0,0,0,0,0
2021-02-17,44.04999923706055,44.04999923706055,36.34999847412109,38.09999847412109,37.77574157714844,3085000,0,0,0,0,0,0
2021-02-18,36.79999923706055,39.150001525878906,36.5,38.5,38.172340393066406,955000,0,0,0,0,0,0
2021-02-19,38.79999923706055,38.79999923706055,37.04999923706055,37.45000076293945,37.13127517700195,403000,0,0,0,0,0,0
2021-02-22,37.5,39.20000076293945,36.900001525878906,37.04999923706055,36.73468017578125,735000,0,0,0,0,0,0
2021-02-23,36.84999847412109,37.54999923706055,34.900001525878906,34.900001525878906,34.60298156738281,520000,0,0,0,0,0,0
2021-02-24,35.04999923706055,35.75,31.450000762939453,31.450000762939453,31.18234062194824,909000,0,0,0,0,0,0
2021-02-25,30.549999237060547,32.29999923706055,30.549999237060547,31.200000762939453,30.93446922302246,565000,0,0,0,0,0,0
2021-02-26,30.600000381469727,31.200000762939453,29.700000762939453,29.700000762939453,29.447235107421875,294000,0,0,0,0,0,0
2021-03-02,30.25,31.700000762939453,29.75,29.75,29.496809005737305,266000,0,0,0,0,0,0
2021-03-03,30.75,30.75,29.75,30.100000381469727,29.84383010864257,213000,0,0,0,0,0,0
2021-03-04,30.89999961853028,33.099998474121094,30.799999237060547,33.099998474121094,32.818294525146484,477000,0,0,0,0,0,0
2021-03-05,33.5,36.34999847412109,33.5,35.099998474121094,34.801273345947266,2096000,0,0,0,0,0,0
2021-03-08,35.70000076293945,36.29999923706055,33.54999923706055,33.54999923706055,33.26446533203125,803000,0,0,0,0,0,0
2021-03-09,33.54999923706055,34.150001525878906,31.64999961853028,32.150001525878906,31.876384735107425,377000,0,0,0,0,0,0
2021-03-10,33.5,35.0,32.20000076293945,33.25,32.96702194213867,471000,0,0,0,0,0,0
2021-03-11,33.79999923706055,34.900001525878906,33.25,34.04999923706055,33.76021194458008,249000,0,0,0,0,0,0
2021-03-12,34.099998474121094,34.099998474121094,32.900001525878906,33.400001525878906,33.115745544433594,282000,0,0,0,0,0,0
2021-03-15,33.849998474121094,33.849998474121094,32.5,32.54999923706055,32.27297592163086,275000,0,0,0,0,0,0
2021-03-16,32.70000076293945,33.04999923706055,32.349998474121094,33.04999923706055,32.76872253417969,176000,0,0,0,0,0,0
2021-03-17,33.54999923706055,33.54999923706055,32.20000076293945,32.400001525878906,32.1242561340332,161000,0,0,0,0,0,0
2021-03-18,32.400001525878906,32.70000076293945,31.89999961853028,32.70000076293945,32.42170333862305,150000,0,0,0,0,0,0
2021-03-19,32.70000076293945,33.29999923706055,32.099998474121094,33.099998474121094,32.818294525146484,115000,0,0,0,0,0,0
2021-03-22,33.599998474121094,34.54999923706055,33.150001525878906,33.150001525878906,32.86787414550781,228000,0,0,0,0,0,0
2021-03-23,34.20000076293945,34.20000076293945,32.0,32.650001525878906,32.372127532958984,167000,0,0,0,0,0,0
2021-03-24,33.20000076293945,33.45000076293945,31.64999961853028,31.700000762939453,31.430213928222656,97000,0,0,0,0,0,0
2021-03-25,31.549999237060547,32.150001525878906,31.450000762939453,31.600000381469727,31.331064224243164,69000,0,0,0,0,0,0
2021-03-26,31.700000762939453,32.400001525878906,31.200000762939453,31.799999237060547,31.529359817504883,76000,0,0,0,0,0,0
2021-03-29,31.799999237060547,32.29999923706055,31.350000381469727,31.450000762939453,31.18234062194824,134000,0,0,0,0,0,0
2021-03-30,31.5,32.79999923706055,31.100000381469727,32.20000076293945,31.92595863342285,181000,0,0,0,0,0,0
2021-03-31,32.04999923706055,33.79999923706055,32.04999923706055,32.650001525878906,32.372127532958984,139000,0,0,0,0,0,0
2021-04-01,32.95000076293945,33.900001525878906,32.54999923706055,33.54999923706055,33.26446533203125,246000,0,0,0,0,0,0
2021-04-07,33.099998474121094,33.099998474121094,31.950000762939453,32.25,31.97553062438965,128000,0,0,0,0,0,0
2021-04-08,32.25,32.70000076293945,31.89999961853028,32.04999923706055,31.777233123779297,106000,0,0,0,0,0,0
2021-04-09,32.0,32.0,31.25,31.39999961853028,31.13276481628418,187000,0,0,0,0,0,0
2021-04-12,33.900001525878906,34.5,33.400001525878906,34.5,34.206382751464844,452000,0,0,0,0,0,0
2021-04-13,37.400001525878906,37.95000076293945,33.5,33.5,33.21489334106445,2019000,0,0,0,0,0,0
2021-04-14,33.5,34.5,31.25,34.0,33.710636138916016,349000,0,0,0,0,0,0
2021-04-15,34.0,35.0,33.20000076293945,34.0,33.710636138916016,198000,0,0,0,0,0,0
2021-04-16,34.20000076293945,34.25,33.54999923706055,34.0,33.710636138916016,153000,0,0,0,0,0,0
2021-04-19,33.79999923706055,33.79999923706055,32.75,32.79999923706055,32.520851135253906,188000,0,0,0,0,0,0
2021-04-20,32.04999923706055,32.5,32.0,32.20000076293945,31.92595863342285,127000,0,0,0,0,0,0
2021-04-21,31.799999237060547,32.25,31.799999237060547,31.850000381469727,31.578935623168945,111000,0,0,0,0,0,0
2021-04-22,33.400001525878906,34.0,32.04999923706055,32.650001525878906,32.372127532958984,232000,0,0,0,0,0,0
2021-04-23,32.650001525878906,32.95000076293945,31.64999961853028,32.099998474121094,31.826807022094727,86000,0,0,0,0,0,0
2021-04-26,32.0,32.150001525878906,31.700000762939453,31.950000762939453,31.67808532714844,155000,0,0,0,0,0,0
2021-04-27,32.099998474121094,32.099998474121094,31.299999237060547,31.75,31.47978782653809,128000,0,0,0,0,0,0
2021-04-28,31.600000381469727,31.75,31.299999237060547,32.900001525878906,32.62000274658203,153000,0,0,0,0,0,0
2021-04-29,31.799999237060547,31.950000762939453,31.100000381469727,31.600000381469727,31.331064224243164,120000,0,0,0,0,0,0
2021-05-03,31.799999237060547,31.799999237060547,30.0,30.100000381469727,29.84383010864257,199000,0,0,0,0,0,0
2021-05-04,30.100000381469727,30.100000381469727,27.100000381469727,28.39999961853028,28.158296585083008,225000,0,0,0,0,0,0
2021-05-05,29.299999237060547,30.299999237060547,28.200000762939453,28.200000762939453,27.96000099182129,148000,0,0,0,0,0,0
2021-05-06,29.14999961853028,29.14999961853028,28.39999961853028,28.39999961853028,28.158296585083008,32000,0,0,0,0,0,0
2021-05-07,29.0,30.299999237060547,28.950000762939453,30.299999237060547,30.042125701904297,64000,0,0,0,0,0,0
2021-05-10,30.950000762939453,30.950000762939453,29.700000762939453,30.14999961853028,29.893404006958008,51000,0,0,0,0,0,0
2021-05-11,29.700000762939453,29.700000762939453,27.200000762939453,28.100000381469727,27.8608512878418,110000,0,0,0,0,0,0
2021-05-12,26.350000381469727,27.350000381469727,25.299999237060547,26.299999237060547,26.076169967651367,252000,0,0,0,0,0,0
2021-05-13,25.0,26.700000762939453,25.0,26.600000381469727,26.37361717224121,102000,0,0,0,0,0,0
2021-05-14,26.5,26.600000381469727,25.5,26.39999961853028,26.175317764282227,86000,0,0,0,0,0,0
2021-05-17,23.850000381469727,25.0,23.799999237060547,23.799999237060547,23.59744644165039,380000,0,0,0,0,0,0
2021-05-18,23.64999961853028,26.14999961853028,23.64999961853028,26.14999961853028,25.927446365356445,78000,0,0,0,0,0,0
2021-05-19,27.39999961853028,27.39999961853028,26.100000381469727,27.200000762939453,26.9685115814209,42000,0,0,0,0,0,0
2021-05-20,26.549999237060547,26.89999961853028,26.100000381469727,26.600000381469727,26.37361717224121,20000,0,0,0,0,0,0
2021-05-21,26.75,28.0,26.549999237060547,28.0,27.761701583862305,72000,0,0,0,0,0,0
2021-05-24,27.5,27.5,27.049999237060547,27.5,27.26595687866211,28000,0,0,0,0,0,0
2021-05-25,27.100000381469727,27.600000381469727,26.600000381469727,27.450000762939453,27.21638298034668,22000,0,0,0,0,0,0
2021-05-26,27.450000762939453,27.5,26.14999961853028,27.5,27.26595687866211,27000,0,0,0,0,0,0
2021-05-27,26.600000381469727,27.0,26.39999961853028,27.0,26.77021217346192,4000,0,0,0,0,0,0
2021-05-28,26.14999961853028,28.049999237060547,26.100000381469727,27.100000381469727,26.869361877441406,73000,0,0,0,0,0,0
2021-05-31,26.850000381469727,27.700000762939453,26.850000381469727,27.39999961853028,27.166807174682617,13000,0,0,0,0,0,0
2021-06-01,26.89999961853028,27.39999961853028,26.549999237060547,26.799999237060547,26.57191467285156,71000,0,0,0,0,0,0
2021-06-02,27.0,27.799999237060547,26.049999237060547,27.799999237060547,27.56340408325196,84000,0,0,0,0,0,0
2021-06-03,27.799999237060547,27.89999961853028,27.049999237060547,27.299999237060547,27.06765937805176,212000,0,0,0,0,0,0
2021-06-04,27.0,27.049999237060547,26.700000762939453,26.950000762939453,26.720638275146484,20000,0,0,0,0,0,0
2021-06-07,26.75,27.100000381469727,26.39999961853028,26.950000762939453,26.720638275146484,12000,0,0,0,0,0,0
2021-06-08,26.299999237060547,27.100000381469727,26.299999237060547,27.100000381469727,26.869361877441406,19000,0,0,0,0,0,0
2021-06-09,27.100000381469727,27.100000381469727,27.100000381469727,27.100000381469727,26.869361877441406,0,0,0,0,0,0,0
2021-06-10,27.049999237060547,27.5,26.64999961853028,26.64999961853028,26.42319107055664,35000,0,0,0,0,0,0
2021-06-11,26.549999237060547,27.299999237060547,26.5,27.299999237060547,27.06765937805176,35000,0,0,0,0,0,0
2021-06-15,26.600000381469727,27.25,26.5,27.25,27.018085479736328,24000,0,0,0,0,0,0
2021-06-16,26.600000381469727,26.600000381469727,26.350000381469727,26.549999237060547,26.32404136657715,51000,0,0,0,0,0,0
2021-06-17,26.549999237060547,26.89999961853028,25.64999961853028,26.600000381469727,26.37361717224121,77000,0,0,0,0,0,0
2021-06-18,26.200000762939453,26.700000762939453,26.200000762939453,26.700000762939453,26.472766876220703,46000,0,0,0,0,0,0
2021-06-21,26.200000762939453,26.799999237060547,26.200000762939453,26.700000762939453,26.472766876220703,26000,0,0,0,0,0,0
2021-06-22,26.350000381469727,26.950000762939453,25.950000762939453,26.0,25.778722763061523,103000,0,0,0,0,0,0
2021-06-23,26.100000381469727,26.5,26.0,26.5,26.27446746826172,30000,0,0,0,0,0,0
2021-06-24,27.049999237060547,27.049999237060547,26.200000762939453,26.950000762939453,26.720638275146484,22000,0,0,0,0,0,0
2021-06-25,26.89999961853028,27.0,26.549999237060547,27.0,26.77021217346192,29000,0,0,0,0,0,0
2021-06-28,27.0,27.049999237060547,26.89999961853028,27.049999237060547,26.819786071777344,23000,0,0,0,0,0,0
2021-06-29,27.0,27.0,26.549999237060547,26.89999961853028,26.671062469482425,31000,0,0,0,0,0,0
2021-06-30,26.89999961853028,27.450000762939453,26.64999961853028,27.299999237060547,27.06765937805176,46000,0,0,0,0,0,0
2021-07-01,27.299999237060547,27.299999237060547,26.5,27.049999237060547,26.819786071777344,42000,0,0,0,0,0,0
2021-07-02,27.049999237060547,27.049999237060547,26.549999237060547,27.0,26.77021217346192,38000,0,0,0,0,0,0
2021-07-05,26.600000381469727,27.39999961853028,26.5,27.200000762939453,26.9685115814209,79000,0,0,0,0,0,0
2021-07-06,27.299999237060547,29.89999961853028,27.299999237060547,29.89999961853028,29.6455307006836,324000,0,0,0,0,0,0
2021-07-07,30.5,32.099998474121094,28.049999237060547,28.549999237060547,28.30702018737793,735000,0,0,0,0,0,0
2021-07-08,28.600000381469727,29.25,27.950000762939453,28.14999961853028,27.910425186157227,113000,0,0,0,0,0,0
2021-07-09,28.25,28.25,27.700000762939453,28.049999237060547,27.81127548217773,51000,0,0,0,0,0,0
2021-07-12,27.450000762939453,27.700000762939453,27.0,27.549999237060547,27.31553077697754,66000,0,0,0,0,0,0
2021-07-13,27.549999237060547,28.350000381469727,27.5,27.5,27.26595687866211,34000,0,0,0,0,0,0
2021-07-14,27.25,27.450000762939453,26.0,26.75,26.522340774536133,35000,0,0,0,0,0,0
2021-07-15,26.850000381469727,27.600000381469727,26.850000381469727,27.0,26.77021217346192,14000,0,0,0,0,0,0
2021-07-16,27.5,27.89999961853028,27.450000762939453,27.450000762939453,27.21638298034668,61000,0,0,0,0,0,0
2021-07-19,28.299999237060547,28.299999237060547,27.5,27.700000762939453,27.464256286621094,11000,0,0,0,0,0,0
2021-07-20,27.200000762939453,27.39999961853028,26.75,26.75,26.522340774536133,42000,0,0,0,0,0,0
2021-07-21,26.799999237060547,27.0,26.799999237060547,26.799999237060547,26.57191467285156,15000,0,0,0,0,0,0
2021-07-22,27.0,27.0,26.75,26.75,26.522340774536133,15000,0,0,0,0,0,0
2021-07-23,27.0,28.0,27.0,27.14999961853028,26.91893577575684,47000,0,0,0,0,0,0
2021-07-26,27.350000381469727,28.0,27.350000381469727,27.5,27.26595687866211,26000,0,0,0,0,0,0
2021-07-27,27.549999237060547,27.549999237060547,27.049999237060547,27.049999237060547,26.819786071777344,28000,0,0,0,0,0,0
2021-07-28,27.350000381469727,27.350000381469727,26.0,26.5,26.27446746826172,29000,0,0,0,0,0,0
2021-07-29,27.0,27.0,27.0,27.0,26.77021217346192,16000,0,0,0,0,0,0
2021-07-30,26.549999237060547,26.89999961853028,26.549999237060547,26.89999961853028,26.671062469482425,5000,0,0,0,0,0,0
2021-08-02,26.75,26.850000381469727,26.450000762939453,26.799999237060547,26.57191467285156,36000,0,0,0,0,0,0
2021-08-03,26.600000381469727,26.799999237060547,26.549999237060547,26.549999237060547,26.32404136657715,16000,0,0,0,0,0,0
2021-08-04,26.5,26.700000762939453,26.299999237060547,26.350000381469727,26.1257438659668,30000,0,0,0,0,0,0
2021-08-05,26.350000381469727,26.5,26.350000381469727,26.5,26.27446746826172,15000,0,0,0,0,0,0
2021-08-06,26.5,26.600000381469727,26.450000762939453,26.450000762939453,26.22489356994629,11000,0,0,0,0,0,0
2021-08-09,26.5,26.799999237060547,26.5,26.5,26.27446746826172,28000,0,0,0,0,0,0
2021-08-10,26.450000762939453,26.450000762939453,26.049999237060547,26.25,26.026596069335938,12000,0,0,0,0,0,0
2021-08-11,26.200000762939453,26.5,25.549999237060547,25.64999961853028,25.43170166015625,56000,0,0,0,0,0,0
2021-08-12,25.64999961853028,26.049999237060547,25.64999961853028,25.89999961853028,25.67957305908203,16000,0,0,0,0,0,0
2021-08-13,25.89999961853028,25.89999961853028,25.89999961853028,25.89999961853028,25.67957305908203,0,0,0,0,0,0,0
2021-08-16,25.450000762939453,25.5,24.549999237060547,25.100000381469727,24.886383056640625,11000,0,0,0,0,0,0
2021-08-17,25.100000381469727,25.450000762939453,24.799999237060547,25.299999237060547,25.084680557250977,6000,0,0,0,0,0,0
2021-08-18,25.700000762939453,25.700000762939453,25.5,25.5,25.282978057861328,5000,0,0,0,0,0,0
2021-08-19,24.89999961853028,24.89999961853028,23.600000381469727,23.600000381469727,23.39914894104004,7000,0,0,0,0,0,0
2021-08-20,23.600000381469727,23.600000381469727,22.299999237060547,22.700000762939453,22.50680923461914,71000,0,0,0,0,0,0
2021-08-23,23.64999961853028,24.299999237060547,23.450000762939453,23.450000762939453,23.25042533874512,18000,0,0,0,0,0,0
2021-08-24,23.450000762939453,23.5,23.450000762939453,23.5,23.299999237060547,4000,0,0,0,0,0,0
2021-08-25,23.100000381469727,23.450000762939453,23.100000381469727,23.299999237060547,23.101701736450195,22000,0,0,0,0,0,0
2021-08-26,23.39999961853028,23.600000381469727,23.39999961853028,23.549999237060547,23.349573135375977,5000,0,0,0,0,0,0
2021-08-27,23.549999237060547,23.600000381469727,23.450000762939453,23.5,23.299999237060547,26000,0,0,0,0,0,0
2021-08-30,25.0,25.549999237060547,23.799999237060547,24.450000762939453,24.450000762939453,44000,0,0,0,0,0,0
2021-08-31,23.89999961853028,24.350000381469727,23.700000762939453,25.25,25.25,9000,0,0,0,0,0,0
2021-09-01,24.350000381469727,24.350000381469727,23.89999961853028,23.89999961853028,23.89999961853028,11000,0,0,0,0,0,0
2021-09-02,23.89999961853028,23.89999961853028,23.700000762939453,23.700000762939453,23.700000762939453,4000,0,0,0,0,0,0
2021-09-03,23.549999237060547,24.64999961853028,23.549999237060547,24.39999961853028,24.39999961853028,33000,0,0,0,0,0,0
2021-09-06,25.100000381469727,25.450000762939453,25.0,25.0,25.0,19000,0,0,0,0,0,0
2021-09-07,25.200000762939453,26.75,24.299999237060547,25.200000762939453,25.200000762939453,26000,0,0,0,0,0,0
2021-09-08,24.700000762939453,24.700000762939453,24.700000762939453,24.700000762939453,24.700000762939453,2000,0,0,0,0,0,0
2021-09-09,24.799999237060547,24.799999237060547,24.700000762939453,24.700000762939453,24.700000762939453,2000,0,0,0,0,0,0
2021-09-10,25.450000762939453,26.200000762939453,25.0,25.0,25.0,36000,0,0,0,0,0,0
2021-09-13,25.0,25.0,24.89999961853028,25.0,25.0,4000,0,0,0,0,0,0
2021-09-14,24.299999237060547,24.89999961853028,24.299999237060547,24.700000762939453,24.700000762939453,4000,0,0,0,0,0,0
2021-09-15,24.950000762939453,25.100000381469727,24.850000381469727,24.850000381469727,24.850000381469727,8000,0,0,0,0,0,0
2021-09-16,24.549999237060547,24.549999237060547,24.549999237060547,24.549999237060547,24.549999237060547,5000,0,0,0,0,0,0
2021-09-17,24.549999237060547,25.5,24.549999237060547,24.799999237060547,24.799999237060547,8000,0,0,0,0,0,0
2021-09-22,24.100000381469727,24.100000381469727,23.850000381469727,24.0,24.0,15000,0,0,0,0,0,0
2021-09-23,23.799999237060547,24.350000381469727,23.799999237060547,24.049999237060547,24.049999237060547,5000,0,0,0,0,0,0
2021-09-24,23.850000381469727,24.600000381469727,23.850000381469727,24.049999237060547,24.049999237060547,27000,0,0,0,0,0,0
2021-09-27,24.100000381469727,24.100000381469727,23.100000381469727,23.14999961853028,23.14999961853028,42000,0,0,0,0,0,0
2021-09-28,23.14999961853028,23.350000381469727,22.700000762939453,22.799999237060547,22.799999237060547,27000,0,0,0,0,0,0
2021-09-29,22.200000762939453,22.200000762939453,21.600000381469727,21.799999237060547,21.799999237060547,43000,0,0,0,0,0,0
2021-09-30,21.799999237060547,22.0,21.799999237060547,22.0,22.0,18000,0,0,0,0,0,0
2021-10-01,23.450000762939453,23.450000762939453,21.89999961853028,22.049999237060547,22.049999237060547,44000,0,0,0,0,0,0
2021-10-04,22.600000381469727,22.600000381469727,21.600000381469727,21.799999237060547,21.799999237060547,47000,0,0,0,0,0,0
2021-10-05,21.799999237060547,21.799999237060547,21.200000762939453,21.200000762939453,21.200000762939453,39000,0,0,0,0,0,0
2021-10-06,21.89999961853028,21.89999961853028,21.5,21.5,21.5,26000,0,0,0,0,0,0
2021-10-07,21.549999237060547,21.850000381469727,21.5,21.850000381469727,21.850000381469727,9000,0,0,0,0,0,0
2021-10-08,21.600000381469727,22.5,21.5,22.100000381469727,22.100000381469727,40000,0,0,0,0,0,0
2021-10-12,22.299999237060547,23.799999237060547,22.299999237060547,23.14999961853028,23.14999961853028,51000,0,0,0,0,0,0
2021-10-13,23.350000381469727,23.850000381469727,23.350000381469727,23.5,23.5,13000,0,0,0,0,0,0
2021-10-14,23.850000381469727,24.100000381469727,23.299999237060547,23.299999237060547,23.299999237060547,25000,0,0,0,0,0,0
2021-10-15,23.5,24.0,23.5,23.950000762939453,23.950000762939453,44000,0,0,0,0,0,0
2021-10-18,23.600000381469727,23.600000381469727,23.600000381469727,24.200000762939453,24.200000762939453,1000,0,0,0,0,0,0
2021-10-19,23.600000381469727,25.950000762939453,23.600000381469727,25.950000762939453,25.950000762939453,107000,0,0,0,0,0,0
2021-10-20,28.5,28.5,28.5,28.5,28.5,892000,0,0,0,0,0,0
2021-10-21,31.350000381469727,31.350000381469727,31.350000381469727,31.350000381469727,31.350000381469727,211000,0,0,0,0,0,0
2021-10-22,34.45000076293945,34.45000076293945,32.45000076293945,33.599998474121094,33.599998474121094,4808000,0,0,0,0,0,0
2021-10-25,34.5,34.5,32.599998474121094,33.849998474121094,33.849998474121094,1404000,0,0,0,0,0,0
2021-10-26,36.84999847412109,36.84999847412109,34.29999923706055,34.599998474121094,34.599998474121094,853000,0,0,0,0,0,0
2021-10-27,34.599998474121094,34.599998474121094,32.0,33.0,33.0,855000,0,0,0,0,0,0
2021-10-28,33.900001525878906,33.900001525878906,32.400001525878906,32.900001525878906,32.900001525878906,219000,0,0,0,0,0,0
2021-10-29,33.0,33.0,31.64999961853028,31.75,31.75,242000,0,0,0,0,0,0
2021-11-01,31.25,32.900001525878906,31.25,32.0,32.0,277000,0,0,0,0,0,0
2021-11-02,32.0,32.20000076293945,32.0,32.0,32.0,198000,0,0,0,0,0,0
2021-11-03,32.04999923706055,32.599998474121094,31.700000762939453,31.700000762939453,31.700000762939453,98000,0,0,0,0,0,0
2021-11-04,32.0,33.400001525878906,31.950000762939453,32.0,32.0,244000,0,0,0,0,0,0
2021-11-05,32.150001525878906,32.95000076293945,32.099998474121094,32.79999923706055,32.79999923706055,128000,0,0,0,0,0,0
2021-11-08,32.5,34.650001525878906,32.5,34.04999923706055,34.04999923706055,554000,0,0,0,0,0,0
2021-11-09,33.20000076293945,34.0,32.099998474121094,32.400001525878906,32.400001525878906,517000,0,0,0,0,0,0
2021-11-10,32.349998474121094,35.599998474121094,32.349998474121094,32.5,32.5,1745000,0,0,0,0,0,0
2021-11-11,32.70000076293945,35.75,32.70000076293945,35.75,35.75,1763000,0,0,0,0,0,0
2021-11-12,37.54999923706055,39.29999923706055,37.54999923706055,39.29999923706055,39.29999923706055,1957000,0,0,0,0,0,0
2021-11-15,43.20000076293945,43.20000076293945,43.20000076293945,43.20000076293945,43.20000076293945,718000,0,0,0,0,0,0
2021-11-16,47.5,47.5,39.79999923706055,41.04999923706055,41.04999923706055,5336000,0,0,0,0,0,0
2021-11-17,41.400001525878906,43.400001525878906,40.45000076293945,40.84999847412109,40.84999847412109,1492000,0,0,0,0,0,0
2021-11-18,41.54999923706055,41.70000076293945,39.09999847412109,39.09999847412109,39.09999847412109,886000,0,0,0,0,0,0
2021-11-19,40.5,40.59999847412109,37.59999847412109,38.09999847412109,38.09999847412109,611000,0,0,0,0,0,0
2021-11-22,38.09999847412109,41.900001525878906,38.09999847412109,41.900001525878906,41.900001525878906,718000,0,0,0,0,0,0
2021-11-23,42.0,45.79999923706055,40.5,40.5,40.5,3064000,0,0,0,0,0,0
2021-11-24,40.5,42.900001525878906,40.5,41.09999847412109,41.09999847412109,742000,0,0,0,0,0,0
2021-11-25,42.400001525878906,42.400001525878906,39.900001525878906,40.04999923706055,40.04999923706055,655000,0,0,0,0,0,0
2021-11-26,39.59999847412109,39.59999847412109,37.04999923706055,38.0,38.0,649000,0,0,0,0,0,0
2021-11-29,36.20000076293945,39.45000076293945,34.95000076293945,37.20000076293945,37.20000076293945,838000,0,0,0,0,0,0
2021-11-30,37.150001525878906,38.79999923706055,37.150001525878906,37.400001525878906,37.400001525878906,409000,0,0,0,0,0,0
2021-12-01,37.45000076293945,40.900001525878906,37.29999923706055,40.150001525878906,40.150001525878906,703000,0,0,0,0,0,0
2021-12-02,40.20000076293945,40.84999847412109,37.75,37.79999923706055,37.79999923706055,540000,0,0,0,0,0,0
2021-12-03,38.5,38.5,37.29999923706055,37.54999923706055,37.54999923706055,188000,0,0,0,0,0,0
2021-12-06,38.20000076293945,41.29999923706055,38.20000076293945,41.29999923706055,41.29999923706055,822000,0,0,0,0,0,0
2021-12-07,45.400001525878906,45.400001525878906,41.400001525878906,41.400001525878906,41.400001525878906,2857000,0,0,0,0,0,0
2021-12-08,41.79999923706055,44.0,40.34999847412109,41.09999847412109,41.09999847412109,1176000,0,0,0,0,0,0
2021-12-09,41.400001525878906,41.900001525878906,39.5,41.0,41.0,607000,0,0,0,0,0,0
2021-12-10,41.34999847412109,41.34999847412109,39.75,39.75,39.75,326000,0,0,0,0,0,0
2021-12-13,39.70000076293945,39.95000076293945,38.75,38.84999847412109,38.84999847412109,278000,0,0,0,0,0,0
2021-12-14,38.84999847412109,39.04999923706055,37.5,37.5,37.5,323000,0,0,0,0,0,0
2021-12-15,38.0,39.5,37.79999923706055,38.34999847412109,38.34999847412109,251000,0,0,0,0,0,0
2021-12-16,38.900001525878906,38.900001525878906,37.79999923706055,37.900001525878906,37.900001525878906,162000,0,0,0,0,0,0
2021-12-17,37.95000076293945,38.0,37.29999923706055,37.34999847412109,37.34999847412109,137000,0,0,0,0,0,0
2021-12-20,37.0,39.59999847412109,37.0,38.04999923706055,38.04999923706055,216000,0,0,0,0,0,0
2021-12-21,38.04999923706055,38.150001525878906,37.650001525878906,37.84999847412109,37.84999847412109,103000,0,0,0,0,0,0
2021-12-22,38.09999847412109,38.150001525878906,37.84999847412109,37.900001525878906,37.900001525878906,115000,0,0,0,0,0,0
2021-12-23,37.70000076293945,38.20000076293945,37.34999847412109,37.79999923706055,37.79999923706055,103000,0,0,0,0,0,0
2021-12-24,38.09999847412109,38.650001525878906,37.29999923706055,37.29999923706055,37.29999923706055,207000,0,0,0,0,0,0
2021-12-27,37.29999923706055,37.34999847412109,36.59999847412109,36.70000076293945,36.70000076293945,233000,0,0,0,0,0,0
2021-12-28,36.59999847412109,37.400001525878906,36.59999847412109,36.84999847412109,36.84999847412109,91000,0,0,0,0,0,0
2021-12-29,36.84999847412109,37.900001525878906,36.84999847412109,37.75,37.75,128000,0,0,0,0,0,0
2021-12-30,38.09999847412109,38.09999847412109,37.04999923706055,37.400001525878906,37.400001525878906,139000,0,0,0,0,0,0
2022-01-03,37.20000076293945,37.29999923706055,36.5,36.75,36.75,167000,0,0,0,0,0,0
2022-01-04,36.75,37.95000076293945,36.45000076293945,37.70000076293945,37.70000076293945,147000,0,0,0,0,0,0
2022-01-05,37.70000076293945,38.84999847412109,37.5,37.79999923706055,37.79999923706055,312000,0,0,0,0,0,0
2022-01-06,37.29999923706055,37.400001525878906,36.70000076293945,36.84999847412109,36.84999847412109,122000,0,0,0,0,0,0
2022-01-07,36.84999847412109,36.84999847412109,33.79999923706055,34.95000076293945,34.95000076293945,458000,0,0,0,0,0,0
2022-01-10,36.150001525878906,36.150001525878906,34.29999923706055,34.70000076293945,34.70000076293945,91000,0,0,0,0,0,0
2022-01-11,35.25,35.900001525878906,34.099998474121094,34.45000076293945,34.45000076293945,121000,0,0,0,0,0,0
2022-01-12,34.54999923706055,34.70000076293945,33.75,33.75,33.75,109000,0,0,0,0,0,0
2022-01-13,33.75,33.75,32.400001525878906,32.849998474121094,32.849998474121094,151000,0,0,0,0,0,0
2022-01-14,32.20000076293945,32.5,30.100000381469727,31.25,31.25,265000,0,0,0,0,0,0
2022-01-17,31.25,34.29999923706055,30.350000381469727,33.70000076293945,33.70000076293945,200000,0,0,0,0,0,0
2022-01-18,33.70000076293945,34.95000076293945,32.79999923706055,32.79999923706055,32.79999923706055,135000,0,0,0,0,0,0
2022-01-19,32.79999923706055,32.900001525878906,32.099998474121094,32.150001525878906,32.150001525878906,63000,0,0,0,0,0,0
2022-01-20,32.150001525878906,33.25,32.099998474121094,33.0,33.0,71000,0,0,0,0,0,0
2022-01-21,32.400001525878906,32.79999923706055,31.64999961853028,31.64999961853028,31.64999961853028,146000,0,0,0,0,0,0
2022-01-24,31.700000762939453,31.700000762939453,29.950000762939453,31.14999961853028,31.14999961853028,132000,0,0,0,0,0,0
2022-01-25,31.0,33.900001525878906,31.0,31.25,31.25,192000,0,0,0,0,0,0
2022-01-26,31.25,32.20000076293945,30.600000381469727,31.950000762939453,31.950000762939453,72000,0,0,0,0,0,0
2022-02-07,31.950000762939453,34.20000076293945,31.950000762939453,33.900001525878906,33.900001525878906,145000,0,0,0,0,0,0
2022-02-08,33.900001525878906,34.599998474121094,33.650001525878906,34.0,34.0,89000,0,0,0,0,0,0
2022-02-09,34.650001525878906,34.650001525878906,33.400001525878906,34.099998474121094,34.099998474121094,75000,0,0,0,0,0,0
2022-02-10,33.849998474121094,34.099998474121094,32.650001525878906,32.79999923706055,32.79999923706055,80000,0,0,0,0,0,0
2022-02-11,32.79999923706055,33.5,32.79999923706055,33.400001525878906,33.400001525878906,49000,0,0,0,0,0,0
2022-02-14,33.20000076293945,33.20000076293945,32.04999923706055,32.25,32.25,107000,0,0,0,0,0,0
2022-02-15,32.25,33.349998474121094,32.25,32.70000076293945,32.70000076293945,43000,0,0,0,0,0,0
2022-02-16,33.20000076293945,34.099998474121094,33.0,33.25,33.25,83000,0,0,0,0,0,0
2022-02-17,32.849998474121094,33.5,32.79999923706055,32.79999923706055,32.79999923706055,41000,0,0,0,0,0,0
2022-02-18,32.5,32.79999923706055,31.700000762939453,32.099998474121094,32.099998474121094,66000,0,0,0,0,0,0
2022-02-21,32.04999923706055,32.349998474121094,31.950000762939453,32.349998474121094,32.349998474121094,38000,0,0,0,0,0,0
2022-02-22,32.29999923706055,32.29999923706055,31.100000381469727,31.200000762939453,31.200000762939453,72000,0,0,0,0,0,0
2022-02-23,31.89999961853028,31.89999961853028,31.200000762939453,31.799999237060547,31.799999237060547,31000,0,0,0,0,0,0
2022-02-24,31.5,31.700000762939453,30.350000381469727,31.0,31.0,68000,0,0,0,0,0,0
2022-02-25,30.0,31.14999961853028,29.600000381469727,30.75,30.75,228000,0,0,0,0,0,0
2022-03-01,31.5,32.5,31.25,31.350000381469727,31.350000381469727,79000,0,0,0,0,0,0
2022-03-02,32.0,32.0,31.0,31.25,31.25,65000,0,0,0,0,0,0
2022-03-03,32.04999923706055,32.5,31.200000762939453,31.200000762939453,31.200000762939453,71000,0,0,0,0,0,0
2022-03-04,30.89999961853028,31.5,30.600000381469727,31.0,31.0,49000,0,0,0,0,0,0
2022-03-07,30.299999237060547,30.799999237060547,29.950000762939453,30.799999237060547,30.799999237060547,78000,0,0,0,0,0,0
2022-03-08,30.049999237060547,30.25,28.450000762939453,29.600000381469727,29.600000381469727,100000,0,0,0,0,0,0
2022-03-09,29.600000381469727,29.89999961853028,29.25,29.89999961853028,29.89999961853028,53000,0,0,0,0,0,0
2022-03-10,30.100000381469727,30.100000381469727,29.600000381469727,29.600000381469727,29.600000381469727,61000,0,0,0,0,0,0
2022-03-11,29.5,30.0,28.64999961853028,29.0,29.0,69000,0,0,0,0,0,0
2022-03-14,29.0,29.200000762939453,28.75,28.850000381469727,28.850000381469727,54000,0,0,0,0,0,0
2022-03-15,28.75,29.100000381469727,27.600000381469727,27.600000381469727,27.600000381469727,75000,0,0,0,0,0,0
2022-03-16,27.64999961853028,27.700000762939453,25.799999237060547,26.5,26.5,195000,0,0,0,0,0,0
2022-03-17,26.549999237060547,29.100000381469727,26.200000762939453,28.600000381469727,28.600000381469727,193000,0,0,0,0,0,0
2022-03-18,28.350000381469727,28.5,28.0,28.0,28.0,18000,0,0,0,0,0,0
2022-03-21,28.200000762939453,29.100000381469727,28.0,28.600000381469727,28.600000381469727,94000,0,0,0,0,0,0
2022-03-22,28.950000762939453,29.39999961853028,28.950000762939453,29.049999237060547,29.049999237060547,73000,0,0,0,0,0,0
2022-03-23,30.0,30.5,29.850000381469727,30.350000381469727,30.350000381469727,116000,0,0,0,0,0,0
2022-03-24,30.100000381469727,32.400001525878906,30.100000381469727,31.5,31.5,333000,0,0,0,0,0,0
2022-03-25,31.5,32.0,31.0,31.350000381469727,31.350000381469727,86000,0,0,0,0,0,0
2022-03-28,31.799999237060547,31.799999237060547,30.950000762939453,31.100000381469727,31.100000381469727,24000,0,0,0,0,0,0
2022-03-29,31.5,31.5,31.0,31.299999237060547,31.299999237060547,25000,0,0,0,0,0,0
2022-03-30,31.299999237060547,31.5,30.799999237060547,31.299999237060547,31.299999237060547,50000,0,0,0,0,0,0
2022-03-31,31.700000762939453,31.700000762939453,30.799999237060547,30.850000381469727,30.850000381469727,25000,0,0,0,0,0,0
2022-04-01,30.700000762939453,30.700000762939453,29.850000381469727,30.600000381469727,30.600000381469727,119000,0,0,0,0,0,0
2022-04-06,30.600000381469727,31.100000381469727,30.600000381469727,31.0,31.0,117000,0,0,0,0,0,0
2022-04-07,30.0,30.39999961853028,30.0,30.0,30.0,44000,0,0,0,0,0,0
2022-04-08,30.450000762939453,30.450000762939453,30.0,30.049999237060547,30.049999237060547,16000,0,0,0,0,0,0
2022-04-11,30.0,30.100000381469727,28.89999961853028,29.14999961853028,29.14999961853028,74000,0,0,0,0,0,0
2022-04-12,29.200000762939453,29.75,29.049999237060547,29.5,29.5,38000,0,0,0,0,0,0
2022-04-13,30.0,30.5,30.0,30.5,30.5,34000,0,0,0,0,0,0
2022-04-14,30.950000762939453,30.950000762939453,29.64999961853028,30.100000381469727,30.100000381469727,46000,0,0,0,0,0,0
2022-04-15,29.700000762939453,30.200000762939453,28.799999237060547,29.600000381469727,29.600000381469727,53000,0,0,0,0,0,0
2022-04-18,29.600000381469727,29.600000381469727,28.5,28.649999618530273,28.649999618530273,41049
