stock_id,stock_name,Open,High,Low,Close,rsi_6,odds
1453,大將,19.5,21.45,19.15,21.45,100.0,0.71
4804,大略-KY,21.0,23.1,21.55,23.1,97.92,0.57
4171,瑞基,156.5,164.0,150.5,159.5,100.0,0.64
4133,亞諾法,71.7,72.8,65.4,66.5,40.82,0.45
6242,立康,72.0,73.9,64.8,64.8,100.0,0.25
8409,商之器,29.4,30.2,26.65,26.65,68.52,0.34
6291,沛亨,67.5,69.7,66.8,68.4,100.0,0.69
3434,哲固,33.2,36.5,33.5,36.5,96.0,0.89
2743,山富,59.6,62.5,57.0,57.7,72.38,0.27
3011,今皓,24.1,24.3,23.0,23.15,68.97,0.42
5603,陸海,52.4,54.2,52.3,52.4,0.0,0.55
1605,華新,43.8,46.0,42.5,43.95,100.0,0.28
4736,泰博,278.5,283.0,260.0,270.0,54.46,0.35
8087,華鎂鑫,45.0,46.0,43.5,44.9,98.47,0.47
3708,上緯投控,132.0,145.0,134.0,145.0,100.0,0.88
1760,寶齡富錦,142.0,144.0,130.0,137.5,75.26,0.69
3558,神準,175.5,178.5,170.0,173.5,9.86,0.37
4127,天良,18.45,20.25,18.5,19.2,100.0,0.43
6236,康呈,16.5,16.5,16.5,16.5,87.5,0.49
6470,宇智,55.7,60.5,56.2,58.8,91.07,0.69
8176,智捷,12.6,12.9,11.8,11.9,76.67,0.36
4121,優盛,28.7,30.0,27.1,28.3,86.83,0.41
6508,惠光,54.1,55.2,49.25,51.0,47.72,0.23
1258,其祥-KY,26.2,26.8,25.0,25.25,80.21,0.23
1732,毛寶,49.85,51.5,44.9,44.9,47.12,0.18
3664,安瑞-KY,9.68,10.6,9.98,10.6,86.18,0.49
9802,鈺齊-KY,149.0,152.0,147.5,151.5,95.24,0.72
6598,ABC-KY,45.9,46.95,41.35,42.5,43.7,0.32
1584,精剛,24.35,25.35,23.3,23.35,79.07,0.47
4106,雃博,38.0,38.7,34.2,34.3,78.84,0.23
6199,天品,22.8,23.1,20.8,20.9,93.83,0.19
6655,科定,116.5,117.5,116.0,116.5,66.67,0.2975
8905,裕國,26.7,29.35,27.65,29.35,92.52,0.7
3642,駿熠電,10.25,10.3,9.9,10.0,96.58,0.53
6578,達邦蛋白,21.25,21.45,20.1,20.3,50.57,0.37
6806,森崴能源,119.0,124.5,116.0,122.0,100.0,0.76
5009,榮剛,33.35,34.6,30.55,31.55,77.38,0.38
1220,台榮,22.6,23.4,20.55,20.6,80.95,0.28
5210,寶碩,22.05,22.7,19.95,20.1,10.19,0.2
1219,福壽,26.15,26.95,24.3,24.45,82.35,0.5
4173,久裕,21.1,22.05,19.7,21.3,98.68,0.8
6581,鋼聯,108.0,110.5,104.0,106.5,74.72,0.41
8183,精星,63.6,69.4,63.7,68.0,23.58,0.52
1708,東鹼,61.3,62.8,57.7,59.9,35.43,0.4
8114,振樺電,120.0,122.5,119.0,120.5,55.0,0.37
3224,三顧,58.5,61.9,58.2,61.0,100.0,0.91
9958,世紀鋼,127.5,138.0,128.5,133.5,100.0,0.64
4102,永日,25.0,26.15,22.75,23.45,100.0,0.24
4931,新盛力,35.1,37.3,33.15,33.15,51.28,0.38
1418,東華,17.95,19.7,16.25,19.0,95.0,0.54
4175,杏一,82.2,87.3,77.5,80.8,97.52,0.51
4402,福大,8.05,8.09,7.62,7.68,24.93,0.33
6443,元晶,46.5,48.6,46.7,48.25,85.26,0.79
6703,軒郁,99.8,100.0,97.3,98.0,0.0,0.64
1235,興泰,47.8,52.5,48.85,51.9,100.0,0.78
6579,研揚,82.6,83.9,82.7,83.7,73.47,0.56
6461,益得,22.8,23.7,21.2,21.5,73.21,0.36
8050,廣積,48.7,49.95,47.9,49.05,47.14,0.65
1539,巨庭,21.2,23.0,21.4,21.85,89.39,0.46
3541,西柏,68.0,69.6,68.5,68.9,12.5,0.45
2634,漢翔,34.2,35.3,33.15,34.2,93.51,0.6
6241,易通展,38.45,39.7,37.1,38.3,41.33,0.47
2424,隴華,21.7,21.7,21.7,21.7,42.47,0.47950000000000004
3552,同致,152.5,161.5,150.0,150.0,24.29,0.35
3207,耀勝,25.25,26.9,25.4,26.65,88.46,0.71
5493,三聯,52.1,54.0,51.7,51.9,61.73,0.5
1762,中化生,62.5,64.3,61.2,61.7,57.69,0.42
4716,大立,17.1,18.05,16.4,16.4,66.67,0.19
5310,天剛,30.05,31.0,29.5,29.5,31.88,0.3
1470,大統新創,30.4,30.4,27.4,27.4,80.54,0.13
4746,台耀,63.3,66.3,64.0,64.6,91.36,0.72
6174,安碁,31.45,33.0,31.75,32.15,0.0,0.51
8420,明揚,43.05,46.2,44.0,44.5,69.07,0.62
8069,元太,169.5,175.5,170.0,175.0,54.55,0.69
1533,車王電,62.5,65.4,62.5,62.5,0.0,0.37
3596,智易,126.5,133.0,126.0,132.5,77.08,0.79
5348,系通,8.67,8.8,8.5,8.66,93.75,0.39
9927,泰銘,46.65,47.4,46.2,46.25,0.0,0.38
8937,合騏,13.35,13.8,13.1,13.65,65.52,0.47
2417,圓剛,32.15,33.65,30.1,30.15,84.87,0.36
1506,正道,16.9,17.5,15.6,16.1,30.77,0.24
2740,天蔥,24.9,27.0,27.0,27.0,100.0,0.5318333333333333
8071,能率網通,21.0,21.4,20.25,20.25,34.43,0.39
3479,安勤,62.9,63.9,62.5,62.7,57.41,0.63
6216,居易,29.5,30.45,29.65,30.2,60.0,0.78
9919,康那香,26.9,26.3,25.0,25.7,71.11,0.38
1342,八貫,69.5,71.1,68.6,68.7,90.38,0.58
6492,生華科,96.5,97.3,87.0,88.1,60.61,0.06
8093,保銳,7.96,8.1,7.8,8.08,100.0,0.65
8341,日友,218.0,229.5,216.0,226.0,71.43,0.82
8927,北基,40.7,42.4,38.0,38.55,83.72,0.28
4513,福裕,19.9,20.85,20.4,20.55,7.69,0.68
5516,雙喜,16.8,17.85,16.9,17.25,64.71,0.36
4116,明基醫,37.85,39.95,35.2,35.65,83.56,0.2
1436,華友聯,67.0,67.0,66.2,66.8,55.0,0.26
3511,矽瑪,42.0,43.95,40.95,41.2,100.0,0.25
4915,致伸,56.5,58.0,56.6,57.9,84.91,0.65
5388,中磊,81.5,86.8,80.6,86.7,85.38,0.74
6662,樂斯科,36.3,35.0,32.7,32.7,100.0,0.26
3675,德微,311.5,325.0,312.5,313.5,38.46,0.59
4541,晟田,25.0,25.5,24.65,24.9,72.06,0.35
8084,巨虹,76.9,77.5,75.5,75.9,57.14,0.26
2939,凱羿-KY,27.25,27.55,26.8,26.8,47.17,0.44
8938,明安,85.0,89.7,85.8,86.4,61.63,0.42
6441,廣錠,52.0,54.9,52.0,52.0,99.35,0.61
4904,遠傳,78.3,80.5,78.3,80.5,91.43,0.69
4130,健亞,28.95,29.45,26.7,26.8,76.92,0.34
2312,金寶,16.75,17.35,16.75,16.9,96.97,0.58
3682,亞太電,7.17,7.37,7.2,7.37,100.0,0.47
6179,亞通,30.65,31.4,30.65,31.15,0.0,0.41
4114,健喬,27.3,27.8,27.1,27.3,56.58,0.61
6462,神盾,109.0,111.0,108.5,109.5,7.14,0.46
6144,得利影,16.3,16.3,16.3,16.3,90.0,0.428
2642,宅配通,85.5,89.3,77.1,77.6,60.87,0.39
3444,利機,52.6,54.3,52.4,54.1,50.98,0.55
8421,旭源,14.45,14.75,14.4,14.75,91.67,0.81
1231,聯華食,88.2,90.8,88.2,90.8,89.8,0.64
2545,皇翔,57.4,58.7,56.5,56.8,80.56,0.57
2362,藍天,34.85,35.75,34.1,34.1,98.21,0.42
4767,誠泰科技,32.1,32.1,32.1,32.1,100.0,0.88
2702,華園,29.05,30.1,28.7,28.7,81.25,0.29
6712,長聖,214.5,217.0,201.0,207.0,37.93,0.31
5530,龍巖,47.5,48.75,47.5,47.95,68.85,0.51
1701,中化,26.4,27.0,24.2,24.3,80.56,0.58
8908,欣雄,79.7,80.0,79.7,79.9,44.12,0.18
1781,合世,17.0,17.2,15.8,15.8,65.96,0.18
1589,永冠-KY,63.1,69.4,63.3,69.4,96.05,0.83
2506,太設,9.18,10.05,9.51,9.94,89.53,0.48
1609,大亞,28.45,30.9,28.6,29.95,70.97,0.47
4806,昇華,10.95,10.95,10.85,10.9,63.33,0.3418333333333333
9949,琉園,14.1,14.2,13.65,14.05,100.0,0.47
4426,利勤,23.75,24.9,23.75,24.45,52.69,0.68
8097,常珵,43.6,45.0,43.65,44.1,9.72,0.56
2390,云辰,23.85,23.7,21.8,22.1,91.67,0.44
2618,長榮航,36.25,37.15,35.0,35.05,48.21,0.24
3712,永崴投控,30.75,33.8,31.15,33.8,100.0,0.87
3374,精材,137.0,143.0,130.0,131.5,84.38,0.62
4207,環泰,15.7,16.25,15.1,15.15,45.45,0.42
1475,本盟,67.8,68.6,67.7,68.4,47.92,0.23
8921,沈氏,16.0,15.85,15.55,15.85,50.0,0.635
2221,大甲,40.8,41.9,40.95,40.95,47.83,0.53
9928,中視,18.0,18.0,18.0,18.0,96.67,0.8584258241758242
1438,三地開發,32.35,33.45,32.8,33.0,59.26,0.45
6669,緯穎,967.0,1010.0,976.0,998.0,59.04,0.74
6285,啟碁,76.9,78.5,76.1,76.3,79.49,0.54
4161,聿新科,27.65,28.4,27.05,27.55,100.0,0.61
3622,洋華,30.1,30.8,30.2,30.3,40.35,0.39
2852,第一保,16.25,16.35,16.25,16.35,12.5,0.32
4147,中裕,67.2,70.5,67.6,67.7,100.0,0.52
5258,虹堡,42.3,43.0,41.15,42.25,73.13,0.64
6616,特昇-KY,20.15,20.3,20.0,20.15,100.0,0.6575
4987,科誠,58.7,60.1,56.8,58.7,30.95,0.75
1504,東元,31.9,33.05,32.15,32.3,50.0,0.524
8440,綠電,76.9,84.5,79.4,84.5,65.67,0.6
5474,聰泰,111.0,119.0,105.0,105.0,56.67,0.24
3313,斐成,12.6,12.8,12.15,12.25,66.67,0.39
1240,茂生農經,60.0,61.5,55.1,55.2,59.07,0.07
4105,東洋,74.1,75.3,73.5,73.8,56.99,0.43
2910,統領,34.45,34.05,33.55,33.55,84.06,0.45
6530,創威,20.95,23.0,20.95,23.0,87.76,0.79
6569,醫揚,108.0,108.5,107.5,108.5,100.0,0.03
4104,佳醫,67.5,69.5,67.5,69.0,70.59,0.78
3290,東浦,21.6,22.1,21.4,22.0,100.0,0.767
4994,傳奇,48.55,49.6,46.5,46.7,0.0,0.36
8074,鉅橡,20.85,21.9,20.8,21.4,28.28,0.66
2707,晶華,174.0,177.0,173.0,174.5,37.93,0.52
4995,晶達,41.0,42.95,41.15,41.4,0.0,0.44
2838,聯邦銀,16.65,16.85,16.55,16.75,57.58,0.64
2608,嘉里大榮,45.2,47.3,43.6,44.7,87.69,0.54
8403,盛弘,31.0,31.9,29.5,29.55,63.83,0.14
3703,欣陸,27.25,27.6,27.1,27.25,55.0,0.41
1789,神隆,25.6,25.85,24.8,24.85,54.46,0.45
2884,玉山金,32.45,33.55,32.5,33.45,29.07,0.54
3669,圓展,59.8,62.4,57.2,57.4,76.39,0.67
5468,凱鈺,27.25,27.8,25.2,25.6,0.0,0.44
6222,上揚,15.5,15.75,15.45,15.75,94.74,0.72
4148,全宇生技-KY,83.0,85.0,74.7,74.8,38.14,0.22
3265,台星科,35.1,36.15,35.4,35.9,43.48,0.39
6128,上福,30.4,30.5,30.25,30.3,23.08,0.28
4164,承業醫,47.4,48.3,46.95,47.15,0.0,0.35
2890,永豐金,18.25,18.6,18.25,18.55,32.14,0.42
1460,宏遠,8.82,9.41,8.93,8.95,55.38,0.35
1784,訊聯,39.3,39.6,38.7,39.5,74.63,0.32
4737,華廣,72.8,73.9,72.4,72.4,20.0,0.27
8033,雷虎,17.25,17.55,16.8,17.3,62.86,0.51
6245,立端,58.0,58.4,57.1,57.5,56.9,0.3
3209,全科,37.6,37.85,37.15,37.55,9.09,0.4
8941,關中,39.0,39.2,38.95,39.2,40.0,0.53
4572,駐龍,104.5,106.5,105.0,105.5,70.59,0.49333333333333335
1218,泰山,30.0,30.85,29.5,29.55,58.04,0.45
5522,遠雄,65.1,67.1,65.1,66.6,7.69,0.72
3629,地心引力,61.2,61.2,61.2,61.2,100.0,0.102
8066,來思達,31.85,32.9,31.7,31.7,83.33,0.47
1786,科妍,44.5,45.35,43.8,43.9,67.92,0.39
3494,誠研,5.4,5.5,5.4,5.5,20.51,0.93
2834,臺企銀,12.8,13.05,12.8,12.9,26.67,0.46
4968,立積,199.0,205.0,194.0,195.0,18.18,0.36
3171,新洲,21.55,21.7,21.4,21.5,71.43,0.3
3050,鈺德,18.2,19.45,18.3,18.75,100.0,0.415
3356,奇偶,29.3,30.4,29.6,30.1,76.92,0.72
2912,統一超,272.0,276.0,270.0,275.0,80.0,0.38
2543,皇昌,8.05,8.3,8.05,8.06,0.0,0.48
6603,富強鑫,17.5,17.7,17.5,17.55,35.48,0.355
6122,擎邦,16.3,17.9,16.55,16.75,21.74,0.46
1799,易威,15.3,15.6,14.7,14.8,56.86,0.32
2537,聯上發,10.85,11.0,10.75,10.9,51.85,0.47
1444,力麗,10.65,11.3,10.65,11.0,41.67,0.32
2425,承啟,27.95,28.65,27.95,28.0,76.67,0.61
6649,台生材,24.0,24.0,24.0,24.0,60.0,0.63
1736,喬山,54.8,58.7,54.2,58.2,83.64,0.76
4167,松瑞藥,20.2,20.6,19.15,19.15,60.42,0.27
9917,中保科,111.0,113.0,111.0,112.0,40.0,0.34
6109,亞元,9.61,10.3,9.8,9.8,73.68,0.65
5398,慕康生醫,20.25,20.45,20.1,20.45,100.0,0.73
2546,根基,56.1,56.7,55.4,55.4,31.58,0.36
5706,鳳凰,68.7,70.8,66.9,68.1,27.78,0.62
1446,宏和,33.2,33.3,32.9,33.1,69.7,0.35
4908,前鼎,34.9,35.55,34.5,35.2,38.64,0.58
3030,德律,67.2,68.8,67.4,68.4,17.02,0.54
4109,穆拉德加捷,15.0,15.45,14.35,14.7,66.67,0.4
4111,濟生,25.0,25.5,24.05,24.15,37.5,0.3
1734,杏輝,31.2,32.2,29.5,29.5,63.3,0.2
6164,華興,13.95,14.35,13.5,13.7,73.91,0.31
1476,儒鴻,475.0,491.0,478.5,485.5,56.79,0.46
2453,凌群,28.7,29.0,28.5,28.55,50.0,0.56
8222,寶一,15.1,15.3,14.85,14.85,65.79,0.55
4763,材料-KY,98.6,101.0,98.6,100.5,63.16,0.6
4123,晟德,63.6,64.5,62.8,63.4,60.0,0.8
3164,景岳,26.6,27.25,26.2,26.3,94.12,0.38
3577,泓格,82.8,83.2,81.1,81.1,10.34,0.24
4413,飛寶企業,12.0,12.15,12.1,12.1,16.67,0.5
4198,環瑞醫,4.85,5.13,4.8,5.13,91.67,0.76
4155,訊映,24.0,24.5,23.55,23.65,56.7,0.48
3360,尚立,17.4,17.45,17.3,17.3,0.0,0.75
8454,富邦媒,912.0,945.0,919.0,924.0,37.89,0.52
2850,新產,55.4,56.0,55.4,55.9,31.58,0.64
4406,新昕纖,10.4,10.55,10.4,10.5,100.0,0.78
6442,光聖,38.3,38.0,37.4,37.45,19.05,0.33
4153,鈺緯,25.9,26.4,25.8,25.8,84.62,0.55
2610,華航,29.3,29.8,28.15,28.2,50.0,0.24
5902,德記,27.1,27.55,27.0,27.1,56.41,0.43
1612,宏泰,28.95,30.1,28.95,29.7,38.46,0.42
2753,八方雲集,129.5,133.0,130.5,131.0,31.58,0.59
1599,宏佳騰,54.2,55.8,54.6,55.1,8.51,0.67
3230,錦明,18.0,18.55,17.9,18.0,30.77,0.43
9941,裕融,244.0,248.0,238.5,240.0,61.54,0.45
1522,堤維西,19.2,19.45,19.15,19.2,100.0,0.3502594072594073
2412,中華電,131.5,132.0,131.0,132.0,88.89,0.17
6556,勝品,60.5,60.5,60.5,60.5,28.12,0.45
3466,致振,17.6,18.25,17.65,18.15,46.94,0.64
6768,志強-KY,72.5,73.4,72.1,73.3,84.44,0.62
6680,鑫創電子,51.0,49.0,49.0,49.0,52.38,0.3151428571428571
1731,美吾華,22.0,22.4,20.85,20.95,96.15,0.44
8424,惠普,72.8,73.1,72.5,72.6,87.5,0.28
2471,資通,27.55,27.7,27.55,27.55,0.0,0.4
8923,時報,21.55,21.45,21.45,21.45,69.23,0.25
1216,統一,67.6,68.6,67.8,68.2,86.67,0.24
2891,中信金,29.1,29.7,29.05,29.7,37.25,0.67
9933,中鼎,46.8,47.1,46.45,46.7,56.76,0.43
8279,生展,130.5,131.5,129.0,130.5,87.5,0.59
3645,達邁,56.5,58.8,54.9,55.0,29.82,0.4
5202,力新,18.5,18.8,18.1,18.4,0.0,0.6
3232,昱捷,30.5,31.0,29.4,30.3,23.08,0.6
1569,濱川,25.15,25.95,25.3,25.55,4.17,0.53
8291,尚茂,7.0,7.0,7.0,7.0,0.0,0.74
3045,台灣大,107.5,109.0,107.5,109.0,77.78,0.83
8489,三貝德,36.0,36.85,33.75,34.25,78.95,0.46
6170,統振,32.2,33.5,32.2,32.95,63.12,0.61
5312,寶島科,63.2,63.2,62.9,63.2,33.33,0.43
2542,興富發,46.45,47.35,46.65,47.2,41.38,0.53
8442,威宏-KY,50.2,52.2,50.6,50.7,41.67,0.52
1503,士電,52.1,55.4,52.2,53.9,95.65,0.61
3025,星通,20.1,20.6,19.9,20.15,40.38,0.36
6124,業強,26.1,26.0,25.95,26.0,40.0,0.33
4557,永新-KY,78.2,78.8,78.2,78.2,20.0,0.32
2613,中櫃,37.95,39.8,37.5,37.8,56.14,0.64
5015,華祺,44.35,44.4,43.25,43.6,33.33,0.38
4183,福永生技,19.4,19.2,18.9,18.9,64.52,0.35
8481,政伸,67.3,67.5,67.2,67.2,6.67,0.01
1733,五鼎,27.15,27.6,26.65,26.7,75.0,0.65
4160,創源,25.3,25.65,24.8,25.25,60.0,0.44
2630,亞航,20.55,20.8,19.35,19.35,76.92,0.36
1201,味全,22.5,22.75,22.3,22.4,74.36,0.5
2845,遠東銀,12.05,12.2,12.05,12.15,13.33,0.52
3531,先益,22.4,23.0,23.0,23.0,100.0,0.49551190476190476
2442,新美齊,13.45,13.9,13.5,13.85,68.75,0.74
1524,耿鼎,10.7,10.85,10.7,10.8,25.0,0.6366666666666666
6754,匯僑設計,46.2,46.5,46.0,46.3,93.02,0.66
4979,華星光,18.5,19.15,18.5,18.6,75.0,0.43
5601,台聯櫃,41.95,42.0,40.75,41.1,42.05,0.29
4542,科嶠,24.1,27.0,27.0,27.0,38.89,0.56
4107,邦特,112.5,112.5,111.0,111.5,71.43,0.52
8416,實威,129.5,130.0,129.5,129.5,40.0,0.22
9935,慶豐富,17.4,18.35,17.8,18.1,76.19,0.48
2504,國產,30.15,30.3,29.5,29.75,4.62,0.57
3088,艾訊,60.4,61.6,59.3,59.6,33.33,0.37
5243,乙盛-KY,60.1,61.2,59.4,59.8,58.62,0.49
2431,聯昌,11.7,11.8,11.65,11.7,16.67,0.4
2812,台中銀,14.95,15.15,14.95,15.1,25.93,0.43
3176,基亞,55.3,56.1,53.7,54.2,45.45,0.48
3118,進階,31.3,31.35,30.6,30.65,51.37,0.49
2729,瓦城,216.5,221.5,219.5,221.5,18.18,0.45
1339,昭輝,35.7,36.4,35.1,36.0,81.25,0.52
2892,第一金,27.6,28.35,27.6,28.0,10.26,0.68
3023,信邦,254.5,263.0,248.5,262.5,67.86,0.77
8027,鈦昇,74.9,75.9,73.7,73.7,68.33,0.47
8047,星雲,14.65,14.8,14.05,14.05,50.0,0.36
6176,瑞儀,105.0,105.5,104.0,105.5,100.0,0.6033333333333334
6217,中探針,56.7,58.7,57.0,57.4,13.64,0.38
6263,普萊德,75.3,75.5,75.2,75.4,88.89,0.48
5880,合庫金,28.3,29.0,28.35,28.8,12.2,0.67
9926,新海,49.95,51.0,50.1,51.0,76.92,0.62
3593,力銘,14.15,14.7,14.25,14.7,59.52,0.36
6591,動力-KY,61.9,63.4,62.0,62.6,50.0,0.38
4560,強信-KY,42.15,42.75,42.0,42.7,0.0,0.4
8463,潤泰材,27.25,29.95,27.4,29.8,93.18,0.6
1513,中興電,54.1,57.6,54.3,56.4,92.68,0.8
2347,聯強,76.9,77.7,76.1,76.5,50.0,0.39
8478,東哥遊艇,152.5,157.0,150.0,153.0,23.61,0.72
6752,叡揚資訊,56.2,56.2,55.2,55.2,7.41,0.6
8940,新天地,13.35,13.85,13.4,13.85,66.67,0.69
1463,強盛,14.0,14.0,13.95,13.95,50.0,0.8480555555555555
4909,新復興,18.45,18.6,18.25,18.25,6.67,0.39
3570,大塚,85.0,86.3,85.1,86.3,41.03,0.52
9906,欣巴巴,58.3,59.1,56.5,57.6,15.91,0.52
3294,英濟,21.95,23.5,22.1,22.7,58.26,0.58
8028,昇陽半導體,53.7,54.6,53.3,53.7,29.31,0.5
1527,鑽全,42.2,42.55,42.2,42.5,81.25,0.43
6670,復盛應用,212.0,216.5,212.0,213.0,92.86,0.69
8032,光菱,27.95,28.8,27.95,28.3,50.0,0.29
1319,東陽,33.05,33.25,32.8,33.0,82.61,0.55
6728,上洋,175.0,176.0,174.0,176.0,47.06,0.23
4535,至興,35.6,36.0,36.0,36.0,66.67,0.6091666666666667
2450,神腦,33.8,34.1,33.8,33.8,11.76,0.4
1618,合機,13.7,13.85,13.55,13.55,48.72,0.53
4142,國光生,41.65,42.9,41.0,41.0,35.58,0.56
6733,博晟生醫,25.1,25.5,25.0,25.3,51.02,0.68
6146,耕興,189.0,192.0,188.0,189.5,66.67,0.81
2880,華南金,23.15,23.95,23.35,23.85,16.22,0.61
8906,花王,20.45,19.35,18.7,19.35,60.0,0.26
6605,帝寶,57.8,58.4,57.8,58.1,25.0,0.37
6609,瀧澤科,31.95,32.4,31.9,31.95,8.7,0.34
6661,威健生技,22.6,22.85,22.4,22.4,44.07,0.41
3226,至寶電,64.0,64.0,62.2,62.2,38.89,0.22
4306,炎洲,15.6,15.8,15.55,15.65,50.0,0.52
1451,年興,21.0,21.2,20.85,20.95,90.0,0.8
2606,裕民,66.3,67.5,62.8,62.8,96.08,0.48
2886,兆豐金,41.55,42.0,41.35,41.95,1.61,0.71
1213,大飲,7.97,7.97,7.97,7.97,68.0,0.62
2611,志信,24.4,25.3,24.05,24.05,56.25,0.375
1717,長興,39.4,40.6,37.4,37.45,53.47,0.22
6247,淇譽電,10.8,10.8,10.8,10.8,47.06,0.39
3533,嘉澤,695.0,716.0,700.0,705.0,42.65,0.38
3046,建碁,32.65,33.2,32.5,32.8,42.86,0.5
1325,恆大,45.1,45.3,41.05,41.05,36.99,0.17
1813,寶利徠,19.45,19.4,19.1,19.25,83.33,0.42
3332,幸康,40.1,40.3,40.3,40.3,63.16,0.63
1808,潤隆,56.6,58.1,56.7,58.0,57.14,0.77
4163,鐿鈦,82.3,82.9,81.8,82.8,54.55,0.62
1788,杏昌,149.5,148.5,148.0,148.5,75.0,0.26
1540,喬福,15.0,15.1,15.0,15.0,80.0,0.77
5704,老爺知,29.75,30.35,30.35,30.35,38.1,0.71
2548,華固,90.7,91.4,90.8,91.4,63.41,0.34
2809,京城銀,40.25,40.3,39.95,39.95,37.5,0.36
8467,波力-KY,40.0,40.0,40.0,40.0,87.72,0.86
2534,宏盛,24.8,25.0,24.75,25.0,18.18,0.46
1465,偉全,12.55,12.6,12.5,12.55,42.86,0.6828333333333333
2345,智邦,211.0,224.0,214.0,221.0,46.15,0.59
2029,盛餘,35.4,35.75,34.6,34.8,0.0,0.73
2755,揚秦,57.8,58.3,57.5,57.8,70.0,0.33
2031,新光鋼,66.1,68.1,63.4,65.1,29.25,0.43
6535,順藥,37.6,38.45,35.7,35.85,100.0,0.6
7402,邑錡,47.55,48.0,47.5,47.5,100.0,0.36
2493,揚博,41.15,41.3,40.85,40.85,0.0,0.41
1514,亞力,28.2,29.8,28.0,28.0,54.29,0.43
3454,晶睿,77.2,78.8,76.7,77.2,32.14,0.61
3055,蔚華科,28.65,29.35,28.2,28.2,41.1,0.55
2617,台航,36.4,37.45,36.05,36.05,31.58,0.4
8404,百和興業-KY,36.0,36.1,35.5,36.1,38.46,0.78
8432,東生華,43.8,44.15,43.2,43.5,38.71,0.41
8383,千附,40.85,41.1,40.55,41.0,85.71,0.61
2801,彰銀,18.5,18.7,18.5,18.7,16.67,0.43
4205,中華食,114.0,113.5,113.0,113.0,0.0,0.73
4506,崇友,68.2,69.5,68.0,69.0,25.0,0.45
2030,彰源,35.4,36.15,34.2,34.55,0.0,0.61
8234,新漢,23.25,23.4,23.05,23.2,0.0,0.5
2745,五福,35.95,37.3,35.0,35.7,45.08,0.33
5903,全家,197.0,199.0,198.0,199.0,59.09,0.26
9904,寶成,31.3,32.25,31.5,31.9,68.29,0.59
1806,冠軍,11.95,12.1,11.95,12.0,11.11,0.49
2429,銘旺科,16.0,16.15,15.75,16.0,100.0,0.46
4555,氣立,57.0,57.4,56.9,57.2,26.67,0.46
3083,網龍,50.9,51.9,49.6,49.6,26.53,0.39
9945,潤泰新,67.8,74.5,74.5,74.5,51.09,0.48
4502,健信,37.95,38.0,37.3,37.85,64.0,0.44
4563,百德,29.6,29.85,29.45,29.7,33.33,0.28
6446,藥華藥,307.0,307.5,302.5,305.5,44.83,0.47
4712,南璋,6.85,6.7,6.17,6.17,96.08,0.19
5878,台名,48.45,48.55,48.55,48.55,100.0,0.42333333333333334
2820,華票,17.65,17.8,17.55,17.75,90.0,0.54
6177,達麗,31.25,31.7,31.3,31.45,36.0,0.41
3492,長盛,17.9,18.15,17.7,18.15,42.86,0.5
1341,富林-KY,73.1,74.0,72.6,72.6,0.0,0.33
6206,飛捷,74.5,74.9,73.6,74.4,17.54,0.31
4950,牧東,27.65,28.35,27.25,27.9,53.7,0.48
2881,富邦金,74.8,75.1,74.5,75.1,32.43,0.45
8931,大汽電,32.75,33.2,32.6,33.2,45.0,0.6
2836,高雄銀,14.35,14.55,14.35,14.45,4.55,0.68
4747,強生,34.5,34.9,34.15,34.15,100.0,0.15
3388,崇越電,87.2,88.0,87.3,88.0,57.14,0.42
2816,旺旺保,19.75,19.9,19.75,19.8,0.0,0.39
2356,英業達,24.8,25.3,24.75,25.25,36.36,0.65
9960,邁達康,25.15,25.4,25.2,25.4,33.33,0.61
3523,迎輝,10.25,10.5,10.3,10.3,53.85,0.39
3229,晟鈦,22.0,21.2,20.65,21.2,84.62,0.27
6290,良維,52.5,53.9,52.0,53.2,78.57,0.72
8426,紅木-KY,15.95,16.0,15.95,16.0,44.44,0.28
6015,宏遠證,16.25,16.45,16.25,16.3,80.43,0.47
8411,福貞-KY,16.7,16.8,16.6,16.8,0.0,0.53
6101,寬魚國際,22.65,22.8,22.05,22.7,73.33,0.66
1796,金穎生技,45.5,46.5,45.0,45.3,86.36,0.39
1737,臺鹽,34.0,34.3,34.1,34.25,50.0,0.13
9925,新保,39.85,40.0,39.8,40.0,0.0,0.62
6214,精誠,80.6,81.1,80.6,81.0,10.0,0.35
3115,寶島極,11.55,11.8,11.7,11.8,84.62,0.488
5403,中菲,72.9,73.0,72.6,72.8,28.57,0.25
2227,裕日車,245.0,249.5,244.5,247.5,42.86,0.23
9910,豐泰,190.0,192.0,189.0,189.5,22.22,0.45
3057,喬鼎,12.8,12.95,12.8,12.9,41.67,0.63
5345,天揚,5.19,5.2,5.03,5.15,22.73,0.36
3373,熱映,34.1,34.75,32.65,32.65,42.17,0.27
6183,關貿,53.1,53.5,53.3,53.3,25.0,0.32
4523,永彰,26.65,28.1,26.2,26.65,7.69,0.47
3013,晟銘電,13.3,13.4,13.3,13.4,66.67,0.26333333333333336
2466,冠西電,33.4,33.7,33.3,33.7,60.0,0.44
3266,昇陽,13.9,14.15,13.7,13.75,1.75,0.5
4538,大詠城,20.7,20.7,20.7,20.7,60.0,0.24
4138,曜亞,56.0,56.5,56.0,56.2,41.67,0.37833333333333335
5876,上海商銀,48.55,49.9,48.45,49.4,13.64,0.74
1234,黑松,35.4,35.6,35.4,35.5,48.65,0.4
8924,大田,142.0,144.5,142.0,142.5,11.11,0.27
4168,醣聯,28.85,29.45,28.25,28.6,33.33,0.54
8354,冠好,14.65,14.95,14.65,14.8,50.0,0.19
5205,中茂,15.0,15.0,15.0,15.0,100.0,0.10498712398712395
1464,得力,15.55,15.7,15.4,15.5,50.0,0.26922222222222225
8038,長園科,39.8,40.1,38.05,38.7,0.0,0.6
2936,客思達-KY,39.1,39.1,39.05,39.05,66.67,0.21
1443,立益,16.7,16.2,16.0,16.0,25.0,0.36
2882,國泰金,63.8,64.0,63.4,64.0,31.58,0.34
8916,光隆,43.2,43.35,42.95,43.15,66.67,0.66
4141,龍燈-KY,26.1,26.15,26.1,26.1,50.0,0.17
2885,元大金,26.25,26.3,26.05,26.15,5.56,0.26
1210,大成,53.7,54.2,53.2,53.4,32.14,0.5266666666666667
6469,大樹,300.0,315.0,278.0,280.5,67.74,0.39
6496,科懋,29.7,28.5,28.2,28.2,82.35,0.41
3128,昇銳,19.2,19.6,19.25,19.25,37.5,0.28
5432,達威,39.8,40.0,39.75,39.75,23.53,0.55
5302,太欣,10.5,10.7,10.35,10.35,0.0,0.49
6210,慶生,41.85,42.2,41.8,42.2,58.82,0.39
9918,欣天然,42.55,42.7,42.55,42.65,34.78,0.22
6577,勁豐,63.1,64.2,63.1,64.2,54.55,0.35
5355,佳總,6.33,6.8,6.32,6.44,10.0,0.49
6767,台微醫,32.45,32.7,32.5,32.5,16.67,0.35
1720,生達,44.8,45.35,43.75,43.8,65.05,0.4
9908,大台北,32.95,33.05,32.9,32.95,6.67,0.25
6516,勤崴,90.0,90.0,89.2,90.0,50.0,0.5115
1217,愛之味,11.6,12.15,11.65,11.7,56.41,0.76
9950,萬國通,11.9,11.9,11.35,11.9,80.0,0.76
1227,佳格,49.5,49.6,49.1,49.25,39.44,0.24
2395,研華,374.0,372.5,366.5,370.5,49.06,0.55
4770,上品,248.5,251.0,246.5,247.0,2.44,0.39
3024,憶聲,12.8,12.9,12.55,12.55,0.0,0.5
5481,新華,13.15,13.15,13.05,13.15,0.0,0.59
8342,益張,52.7,53.2,53.2,53.2,62.5,0.41
9931,欣高,39.7,39.95,39.6,39.95,83.33,0.2
4439,冠星-KY,133.5,134.0,133.5,134.0,0.0,0.56
1326,台化,80.2,80.7,79.6,80.7,73.08,0.53
6123,上奇,53.7,54.3,53.7,54.1,31.82,0.4
8406,金可-KY,278.5,278.5,278.5,278.5,100.0,0.72
2734,易飛網,29.0,29.45,28.5,28.75,44.68,0.48
5381,合正,5.99,6.13,5.99,5.99,27.59,0.56
8917,欣泰,90.0,90.0,90.0,90.0,0.0,0.56
4562,穎漢,15.5,15.5,15.3,15.5,27.27,0.63
4305,世坤,31.7,31.7,31.7,31.7,27.27,0.5675
3512,皇龍,33.55,33.8,33.3,33.55,0.0,0.56
5489,彩富,34.45,34.5,34.4,34.5,100.0,0.7933333333333334
8480,泰昇-KY,68.9,70.5,68.7,70.3,56.67,0.56
3221,台嘉碩,32.7,35.95,33.8,35.95,72.38,0.71
5533,皇鼎,18.45,19.45,18.7,19.05,0.0,0.39
2913,農林,19.75,20.35,19.55,19.7,40.0,0.56
1307,三芳,20.2,20.25,20.1,20.2,50.0,0.215
6021,大慶證,20.5,20.6,20.4,20.4,54.17,0.81
6414,樺漢,198.5,203.0,197.5,203.0,61.9,0.51
6588,東典光電,41.0,41.05,40.8,41.05,25.0,0.37
4108,懷特,21.15,21.2,20.5,20.55,54.9,0.5
3376,新日興,81.8,84.1,81.3,83.7,84.44,0.87
3093,港建,85.2,86.9,86.2,86.2,58.82,0.46
2423,固緯,28.65,29.15,28.2,28.45,62.5,0.37
1507,永大,64.8,64.8,64.8,64.8,0.0,0.51
4977,眾達-KY,80.5,81.0,79.8,80.1,46.67,0.73
6281,全國電,85.5,85.9,85.4,85.8,73.33,0.23
5512,力麒,9.23,9.33,9.19,9.2,0.0,0.46
8099,大世科,39.0,40.45,39.05,39.15,0.0,0.42
4911,德英,27.95,27.7,27.0,27.2,60.0,0.47
4556,旭然,31.1,31.0,30.05,30.8,50.0,0.52
6172,互億,20.1,20.1,20.1,20.1,0.0,0.85
1537,廣隆,137.0,138.0,137.0,137.5,33.33,0.15499999999999997
2434,統懋,33.95,35.0,35.0,35.0,50.0,0.3074484126984127
2908,特力,21.4,21.55,21.45,21.5,27.27,0.56
2916,滿心,24.5,24.6,24.3,24.55,50.0,0.22
6615,慧智,47.2,47.75,46.6,46.85,0.0,0.43
2468,華經,13.4,13.4,13.1,13.35,20.0,0.74
1593,祺驊,70.6,71.0,70.0,70.7,60.0,0.54
1454,台富,14.45,14.45,14.15,14.45,50.0,0.38
6225,天瀚,11.05,11.8,10.4,11.8,36.0,0.65
1441,大東,8.48,8.52,8.44,8.49,0.0,0.61
6270,倍微,24.95,25.25,25.0,25.1,15.38,0.54
1541,錩泰,43.1,44.35,43.15,43.65,55.56,0.42
5425,台半,79.0,81.0,79.0,80.0,50.62,0.47
6426,統新,70.7,71.0,69.6,69.6,4.65,0.27
3580,友威科,68.1,68.9,67.5,67.7,24.0,0.3
1777,生泰,65.2,65.3,65.0,65.3,32.26,0.5
3004,豐達科,57.6,58.0,57.3,57.6,56.25,0.43
1583,程泰,55.9,55.7,55.1,55.7,81.82,0.45
3522,御頂,10.3,10.45,9.97,9.98,0.0,0.43
5102,富強,24.65,24.7,24.65,24.65,100.0,0.09
6023,元大期,49.55,49.65,49.35,49.6,16.67,0.28
4907,富宇,24.4,24.5,24.3,24.4,100.0,0.38
3205,佰研,23.25,24.0,23.3,23.65,55.81,0.44
4550,長佳,22.7,22.95,22.7,22.7,28.57,0.4
5514,三豐,21.15,20.95,20.95,20.95,50.0,0.485
2439,美律,80.9,82.2,80.8,82.0,61.54,0.8
1611,中電,18.1,19.4,18.35,19.15,48.39,0.57
1614,三洋電,37.25,37.7,37.45,37.55,0.0,0.59
6136,富爾特,18.6,18.8,18.6,18.65,0.0,0.4
2937,集雅社,36.95,36.95,36.95,36.95,42.86,0.75
4126,太醫,72.5,73.4,71.5,71.7,41.38,0.44
3297,杭特,16.9,16.8,16.1,16.1,14.29,0.24
3516,亞帝歐,15.8,16.0,15.6,15.9,40.0,0.55
2302,麗正,15.45,15.5,15.25,15.35,8.33,0.35
5324,士開,9.26,9.22,9.13,9.22,41.18,0.56
5288,豐祥-KY,153.5,154.5,152.0,152.5,50.0,0.11
2201,裕隆,40.1,40.4,40.1,40.15,57.69,0.68
6762,達亞,263.0,265.0,265.0,265.0,66.67,0.16
5410,國眾,25.65,25.9,25.2,25.85,60.0,0.67
5820,日盛金,12.35,12.4,12.35,12.35,25.0,0.74
1410,南染,37.2,37.1,36.45,36.45,26.32,0.15
6747,亨泰光,235.0,243.0,235.0,241.5,94.44,0.36
6192,巨路,71.5,72.5,71.7,72.2,15.0,0.52
6190,萬泰科,36.45,37.1,35.8,35.8,24.58,0.26
4430,耀億,23.55,23.95,23.55,23.65,77.78,0.5
4533,協易機,11.75,11.9,11.65,11.7,0.0,0.3475
1108,幸福,11.7,11.8,11.65,11.65,33.33,0.25
4190,佐登-KY,68.4,68.8,68.0,68.3,3.45,0.24
2301,光寶科,68.0,67.9,67.1,67.2,33.33,0.23
6641,基士德-KY,63.4,63.5,62.9,63.5,60.0,0.57
1626,艾美特-KY,19.85,20.45,19.7,19.8,16.67,0.29
4429,聚紡,39.4,39.4,39.4,39.4,20.0,0.64
1906,寶隆,19.75,20.1,19.5,19.65,0.0,0.4
4933,友輝,38.5,38.85,38.4,38.85,51.22,0.75
3310,佳穎,38.7,39.6,38.2,38.85,0.0,0.85
4974,亞泰,56.7,57.9,56.6,56.9,42.86,0.45
8477,創業家,27.9,28.6,27.7,27.85,62.96,0.33
6024,群益期,36.7,37.0,36.75,36.95,0.0,0.42
6561,是方,271.0,281.5,272.0,276.0,64.29,0.42
2062,橋椿,26.65,27.1,26.6,26.7,58.33,0.32
3528,安馳,51.1,51.7,50.7,51.7,45.45,0.39
3705,永信,43.2,43.45,42.85,42.9,66.67,0.15
6574,霈方,51.7,49.7,48.0,49.7,64.29,0.44
5488,松普,8.06,8.19,8.01,8.15,1.61,0.56
8473,山林水,32.45,32.4,32.0,32.1,76.92,0.34
6117,迎廣,15.3,16.2,15.4,15.7,33.33,0.42
2397,友通,60.9,61.6,60.9,60.9,15.38,0.55
2107,厚生,22.3,22.4,22.2,22.2,25.0,0.23
6464,台數科,88.1,88.1,88.1,88.1,50.0,0.48
2207,和泰車,573.0,585.0,573.0,581.0,27.59,0.75
1707,葡萄王,145.0,146.5,143.5,143.5,53.33,0.58
5220,萬達光電,35.75,36.0,35.7,35.75,47.42,0.31
2605,新興,30.5,31.2,28.4,28.4,80.0,0.23
2903,遠百,20.85,21.0,20.85,21.0,33.33,0.39
1321,大洋,34.5,34.45,34.0,34.25,47.06,0.1
1615,大山,33.4,34.0,33.7,34.0,0.0,0.57
1109,信大,20.35,20.5,20.15,20.25,0.0,0.75
6234,高僑,20.25,20.3,19.9,20.0,0.0,0.38
8171,天宇,51.3,54.6,52.1,52.7,73.68,0.55
1423,利華,19.65,19.85,19.7,19.75,30.0,0.46
9929,秋雨,8.88,9.14,8.72,9.08,70.45,0.5
6112,聚碩,38.8,38.8,38.65,38.7,0.0,0.54
2539,櫻花建,32.25,32.45,32.2,32.2,25.0,0.22
4707,磐亞,12.9,13.05,12.8,12.85,28.57,0.59
1604,聲寶,31.25,31.4,31.1,31.25,20.83,0.51
3089,億杰,30.85,32.45,30.9,31.05,0.0,0.63
8928,鉅明,37.05,37.5,37.1,37.25,64.29,0.54
6115,鎰勝,42.75,42.9,42.6,42.7,16.67,0.34
1726,永記,72.5,73.0,72.6,72.9,0.0,0.21
2701,萬企,11.95,12.05,11.95,12.0,0.0,0.68
5519,隆大,23.25,23.5,23.25,23.45,53.33,0.7
5283,禾聯碩,115.0,116.5,115.5,116.0,25.0,0.42
4581,光隆精密-KY,34.8,34.8,34.7,34.7,15.38,0.42
6277,宏正,81.0,81.8,80.7,81.0,30.0,0.52
2484,希華,34.95,35.4,34.65,34.75,34.15,0.4
4549,桓達,92.0,92.4,91.9,92.4,15.0,0.49
4726,永昕,40.0,40.5,39.3,39.45,24.43,0.15
2373,震旦行,89.8,90.5,89.7,89.9,0.0,0.48
2332,友訊,16.55,16.85,16.6,16.65,80.0,0.5
1203,味王,33.0,33.45,32.95,32.95,29.63,0.47
2496,卓越,48.4,48.65,48.6,48.65,0.0,0.43
6114,久威,21.35,21.45,21.05,21.35,0.0,0.39
2911,麗嬰房,7.46,7.5,7.46,7.46,30.0,0.44
1752,南光,37.2,37.6,37.05,37.25,52.13,0.37
1714,和桐,10.4,10.55,10.4,10.45,50.0,0.21
2832,台產,20.2,20.25,20.15,20.25,37.5,0.18616666666666665
2851,中再保,29.95,30.3,29.95,30.15,23.53,0.67
8289,泰藝,33.75,34.5,33.75,33.9,0.0,0.45
6404,通訊-KY,19.0,19.0,19.0,19.0,0.0,0.7
4972,湯石照明,32.55,32.55,32.4,32.45,0.0,0.44
1437,勤益控,27.9,28.2,27.4,27.6,31.43,0.45
2640,大車隊,80.0,81.5,80.0,80.3,0.0,0.51
2748,雲品,39.8,39.95,39.75,39.85,0.0,0.51
9937,全國,48.35,48.55,48.35,48.55,41.18,0.28
5525,順天,26.3,26.4,26.1,26.35,0.0,0.52
4609,唐鋒,8.78,9.04,8.55,8.7,100.0,0.54
3426,台興,37.45,37.5,37.5,37.5,20.0,0.52
2901,欣欣,24.6,24.85,24.8,24.8,50.0,0.3
1225,福懋油,57.2,61.0,57.0,57.7,26.92,0.57
1560,中砂,121.0,123.5,119.0,123.0,27.03,0.61
8933,愛地雅,12.15,12.25,12.05,12.1,0.0,0.56
8044,網家,81.0,82.7,80.4,80.5,33.67,0.41
8072,陞泰,23.9,23.9,23.8,23.8,0.0,0.57
5703,亞都,23.8,23.75,22.0,23.75,66.67,0.57
6690,安碁資訊,119.5,119.0,117.5,117.5,0.0,0.38
9930,中聯資源,46.7,46.95,46.7,46.8,0.0,0.54
3713,新晶投控,34.65,34.7,33.9,34.65,76.0,0.29
1232,大統益,154.5,156.0,154.0,154.0,38.46,0.21
8443,阿瘦,11.4,11.5,11.4,11.5,0.0,0.81
9912,偉聯,9.24,9.35,9.1,9.2,32.35,0.42
5353,台林,19.05,19.05,19.0,19.05,15.38,0.5
3303,岱稜,26.55,26.7,26.4,26.65,7.69,0.83
1570,力肯,18.85,18.95,18.6,18.75,24.14,0.48
6186,新潤,26.55,26.7,26.15,26.15,8.0,0.37
6666,羅麗芬-KY,59.1,59.0,58.2,58.8,33.33,0.51
4420,光明,32.9,32.95,32.0,32.95,28.57,0.52
5534,長虹,73.2,73.2,72.2,72.5,25.0,0.42
6184,大豐電,46.55,46.55,46.5,46.5,15.0,0.17
5609,中菲行,104.0,105.0,104.0,104.0,26.67,0.64
3521,鴻翊,13.45,13.85,13.35,13.8,50.0,0.6
8929,富堡,20.85,20.8,20.65,20.7,25.0,0.34
1702,南僑,48.25,48.5,48.05,48.1,47.46,0.35
2247,汎德永業,204.5,205.5,204.5,205.5,33.33,0.29
5007,三星,54.6,54.7,54.6,54.7,44.0,0.58
1616,億泰,10.6,10.8,10.2,10.2,50.0,0.18
8048,德勝,33.8,34.3,33.6,34.0,23.53,0.65
5434,崇越,170.5,171.5,168.0,169.0,26.92,0.77
1259,安心,67.3,67.0,66.8,66.8,0.0,0.65
8942,森鉅,66.3,66.9,66.2,66.5,100.0,0.24
2637,慧洋-KY,88.3,90.1,85.4,85.4,43.95,0.29
2480,敦陽科,90.4,91.1,90.4,90.5,16.67,0.53
1419,新紡,41.8,41.85,41.8,41.85,21.43,0.37
4440,宜新實業,48.4,48.6,48.15,48.25,0.0,0.54
2433,互盛電,51.6,51.6,51.3,51.3,0.0,0.29
2849,安泰銀,15.6,15.95,15.55,15.85,0.0,0.74
3441,聯一光,31.9,32.0,31.35,31.5,39.02,0.72
5309,系統電,40.85,41.35,39.8,40.5,4.23,0.58
1215,卜蜂,81.3,81.7,80.5,80.7,47.92,0.26
2501,國建,18.5,18.6,18.5,18.6,0.0,0.58
1468,昶和,12.1,12.1,11.9,12.1,20.0,0.51
4960,誠美材,11.5,12.15,11.6,12.0,36.11,0.79
2066,世德,57.8,60.0,58.3,59.6,65.22,0.6
4188,安克,17.8,17.85,17.5,17.75,55.56,0.55
9905,大華,26.45,26.6,26.45,26.6,37.5,0.32
3311,閎暉,32.45,32.45,32.3,32.45,0.0,0.39
3163,波若威,44.05,44.7,43.85,44.15,7.14,0.59
3002,歐格,11.65,11.75,11.6,11.7,30.77,0.29
5460,同協,11.7,11.75,11.65,11.65,0.0,0.5
6506,雙邦,20.55,20.7,20.0,20.4,7.14,0.64
3704,合勤控,29.0,29.85,29.1,29.1,34.04,0.4
2236,百達-KY,25.95,26.05,25.75,26.05,44.44,0.5
1795,美時,118.0,120.0,114.5,115.5,24.07,0.32
8466,美吉吉-KY,47.95,48.95,47.95,48.95,50.0,0.62
2235,謚源,37.0,37.35,37.35,37.35,37.35,0.4
1110,東泥,20.0,20.1,19.7,20.1,40.0,0.24
3130,一零四,198.5,198.5,198.0,198.5,65.22,0.5
8438,昶昕,40.55,41.3,39.6,39.6,90.0,0.43
3576,聯合再生能源,22.5,22.95,22.6,22.6,38.6,0.43
2401,凌陽,34.0,34.55,33.65,33.85,22.5,0.54
6776,展碁國際,42.15,42.5,42.2,42.25,0.0,0.33
2641,正德,26.15,26.7,25.25,25.25,50.88,0.32
6248,沛波,22.35,22.75,21.8,22.4,16.67,0.63
1558,伸興,138.5,140.0,138.5,139.0,37.5,0.32
8488,吉源-KY,16.6,16.8,16.6,16.6,0.0,0.63
4120,友華,36.2,36.7,35.65,35.8,28.85,0.75
1608,華榮,21.9,22.65,21.95,22.0,26.53,0.59
2331,精英,19.6,19.75,19.15,19.25,60.0,0.39
1402,遠東新,30.0,30.25,29.85,30.25,6.67,0.55
2061,風青,19.2,19.9,19.25,19.25,23.81,0.39333333333333337
1467,南緯,13.65,13.9,13.6,13.75,100.0,0.8577142857142855
2208,台船,21.1,22.2,21.2,21.65,84.0,0.57
8163,達方,48.2,49.05,48.45,48.6,52.38,0.59
2414,精技,34.95,35.0,34.8,34.95,20.0,0.16
2243,宏旭-KY,16.05,16.4,15.95,16.05,9.68,0.65
6209,今國光,29.25,29.7,28.8,29.2,14.75,0.72
8423,保綠-KY,18.55,18.55,18.55,18.55,75.0,0.23
1301,台塑,106.0,106.0,105.0,105.5,50.0,0.04
6166,凌華,57.4,57.9,57.3,57.8,44.44,0.6
8482,商億-KY,72.9,73.0,72.7,73.0,0.0,0.25
3067,全域,41.5,41.5,41.5,41.5,83.33,0.42
1530,亞崴,30.8,30.8,30.8,30.8,38.89,0.68
5465,富驊,15.4,15.4,15.35,15.4,0.0,0.75
6133,金橋,9.2,9.31,9.22,9.23,5.88,0.48
8042,金山電,41.0,41.0,40.65,40.8,0.0,0.49
6417,韋僑,76.4,76.4,75.7,76.4,0.0,0.67
1730,花仙子,60.8,60.8,60.7,60.8,0.0,0.2
2538,基泰,12.6,12.7,12.6,12.65,25.0,0.64
8083,瑞穎,175.5,177.0,175.0,177.0,20.0,0.43
3085,新零售,9.8,10.2,10.0,10.1,100.0,0.5858333333333333
1442,名軒,22.75,22.75,22.45,22.7,14.29,0.32
9939,宏全,75.2,75.9,75.0,75.2,0.0,0.76
6154,順發,17.35,17.4,17.25,17.35,16.67,0.21
2705,六福,17.15,17.35,17.05,17.1,14.29,0.56
2352,佳世達,31.8,32.15,31.65,31.7,20.0,0.57
2474,可成,145.5,146.5,144.5,144.5,16.67,0.32
2530,華建,14.35,14.45,14.35,14.4,0.0,0.78
3028,增你強,38.3,38.5,38.0,38.2,0.0,0.61
4938,和碩,70.5,71.7,70.5,71.3,45.45,0.56
5287,數字,213.5,214.5,213.0,213.0,0.0,0.42
2706,第一店,13.95,14.1,13.95,14.0,0.0,0.53
2612,中航,51.9,52.9,51.3,51.3,45.95,0.24
9924,福興,41.8,42.0,41.6,41.9,31.25,0.31
6201,亞弘電,43.3,43.5,43.2,43.5,40.0,0.43
2430,燦坤,39.3,39.75,38.65,38.9,39.58,0.27
2889,國票金,16.0,16.1,16.0,16.0,0.0,0.45
5515,建國,13.7,13.85,13.65,13.7,20.0,0.235
6005,群益證,15.8,16.0,15.8,15.9,0.0,0.68
2607,榮運,37.45,38.5,36.2,36.2,15.79,0.39
4807,日成-KY,27.0,27.2,27.0,27.1,33.33,0.29
1785,光洋科,49.3,49.6,48.95,49.3,41.03,0.28
9940,信義,34.95,35.2,34.95,35.0,0.0,0.72
4905,台聯電,52.7,51.8,51.8,51.8,0.0,0.39
2887,台新金,19.15,19.5,19.15,19.35,0.0,0.46
4174,浩鼎,108.0,110.0,107.5,107.5,62.5,0.5566666666666668
5604,中連貨,77.1,77.7,77.1,77.3,0.0,0.77
1102,亞泥,46.9,47.45,46.85,47.2,40.63,0.67
5364,力麗店,19.3,19.3,19.3,19.3,52.38,0.56
5213,亞昕,23.55,23.8,23.4,23.45,26.67,0.35
2596,綠意,21.4,21.55,21.2,21.3,11.11,0.39
3489,森寶,10.45,10.6,10.05,10.55,0.0,0.6
2228,劍麟,67.3,68.1,67.1,67.4,28.57,0.33
1582,信錦,69.9,70.0,69.6,70.0,31.58,0.37
1525,江申,59.4,58.0,57.6,57.6,4.17,0.44
1413,宏洲,10.25,10.35,10.25,10.25,0.0,0.62
3632,研勤,9.05,9.0,9.0,9.0,15.52,0.57
5871,中租-KY,236.5,245.0,232.5,245.0,37.93,0.72
6715,嘉基,101.5,102.0,101.0,102.0,39.13,0.29
2897,王道銀行,9.67,9.86,9.68,9.76,21.87,0.5
3052,夆典,10.05,10.15,10.05,10.15,14.29,0.581
3652,精聯,20.35,20.6,20.25,20.3,33.33,0.4
3416,融程電,77.2,77.7,76.8,77.1,20.0,0.42
4741,泓瀚,25.65,26.2,26.2,26.2,94.74,0.48833333333333334
3631,晟楠,41.85,42.25,42.25,42.25,67.65,0.51
2488,漢平,25.9,26.3,26.0,26.1,29.41,0.56
1535,中宇,42.05,42.2,42.05,42.1,25.0,0.2
6541,泰福-KY,57.0,57.8,54.6,56.1,37.5,0.46
3188,鑫龍騰,15.85,16.15,15.85,16.0,33.33,0.64
8422,可寧衛,200.0,201.0,199.0,200.0,54.55,0.37
8367,建新國際,47.75,49.05,47.75,47.95,44.74,0.63
2603,長榮,139.5,142.5,139.0,139.0,45.0,0.64
2402,毅嘉,15.75,15.9,15.75,15.8,38.46,0.53
2643,捷迅,70.1,70.7,69.5,70.5,37.04,0.7
1233,天仁,33.1,33.7,33.15,33.15,16.67,0.5
1817,凱撒衛,35.25,35.45,35.0,35.1,0.0,0.72
4129,聯合,29.1,29.15,29.0,29.05,33.33,0.19
3498,陽程,28.7,29.45,28.65,29.05,46.67,0.49
1336,台翰,19.5,19.35,19.3,19.3,35.71,0.2
3078,僑威,36.45,36.85,36.15,36.25,60.0,0.32
3073,天方能源,28.4,28.45,28.0,28.4,31.43,0.41
3090,日電貿,52.9,53.2,52.7,52.9,23.53,0.33
2106,建大,31.9,32.2,31.9,32.1,62.5,0.36
1416,廣豐,11.25,11.3,11.1,11.25,11.11,0.4833333333333333
6456,GIS-KY,92.4,94.0,92.5,93.4,40.0,0.68
1531,高林股,14.9,15.0,14.85,14.9,12.5,0.4215
5490,同亨,26.0,26.55,25.95,25.95,17.65,0.59
6697,東捷資訊,37.0,37.0,37.0,37.0,21.05,0.74
4432,銘旺實,15.05,15.05,14.75,14.8,13.64,0.38
1532,勤美,32.65,33.3,32.9,33.25,0.0,0.57
4568,科際精密,66.4,66.4,65.5,66.2,19.05,0.53
1713,國化,24.9,23.75,23.45,23.75,23.08,0.37
1264,德麥,273.0,278.0,272.5,273.0,25.0,0.09
6589,台康生技,91.6,92.8,91.0,91.0,25.37,0.41
5543,崇佑-KY,57.9,58.0,57.8,58.0,50.0,0.6703214285714286
2509,全坤建,16.2,16.4,16.15,16.25,0.0,0.78
4401,東隆興,32.55,33.5,32.35,32.35,0.0,0.59
4764,雙鍵,57.1,57.4,57.4,57.4,28.57,0.28
4766,南寶,126.0,126.5,125.0,125.5,8.33,0.49
2063,世鎧,35.9,36.25,35.7,35.8,0.0,0.24
5511,德昌,30.35,30.4,30.35,30.4,0.0,0.49
9914,美利達,246.0,249.5,240.5,248.0,0.0,0.53
8435,鉅邁,64.0,64.0,63.7,63.8,15.79,0.36
1776,展宇,21.25,21.25,21.25,21.25,17.65,0.85
4953,緯軟,88.5,88.8,87.1,88.5,0.0,0.55
6671,三能-KY,47.15,47.8,47.1,47.65,20.0,0.3
1323,永裕,35.5,35.8,35.1,35.1,6.25,0.11
3379,彬台,12.15,12.5,12.05,12.25,20.0,0.67
4119,旭富,84.0,84.2,82.6,83.2,42.37,0.68
4728,雙美,122.0,122.5,120.0,121.0,20.93,0.47
3114,好德,25.75,26.0,25.8,25.85,7.69,0.4
2514,龍邦,17.15,17.35,17.15,17.15,44.0,0.43
9938,百和,68.5,69.2,68.3,68.3,0.0,0.47
4417,金洲,34.1,34.1,34.0,34.1,20.0,0.66
1904,正隆,34.25,34.45,34.1,34.1,31.25,0.42
1314,中石化,11.95,12.1,11.9,11.9,0.0,0.56
6140,訊達,16.95,17.3,16.9,16.9,60.0,0.32
3609,東林,53.4,55.2,53.5,53.9,46.15,0.3
2616,山隆,38.4,38.8,38.55,38.75,0.0,0.58
2317,鴻海,100.5,101.5,100.5,101.0,0.0,0.53
9942,茂順,87.3,87.4,87.0,87.4,0.0,0.43
3284,太普高,13.45,13.45,13.4,13.45,22.22,0.9
5521,工信,8.06,8.09,8.03,8.05,0.0,0.47
6143,振曜,47.8,48.35,47.0,48.35,27.12,0.62
6208,日揚,53.5,53.7,52.8,53.0,28.57,0.33
2883,開發金,18.15,18.35,18.15,18.2,0.0,0.54
3206,志豐,27.85,28.3,27.65,28.0,18.75,0.51
1568,倉佑,19.7,19.9,19.7,19.75,0.0,0.57
4711,永純,18.0,18.1,18.0,18.05,17.65,0.1
5487,通泰,30.9,31.3,31.1,31.15,0.0,0.42
5284,jpp-KY,43.95,44.0,43.85,44.0,29.41,0.18
6239,力成,91.8,94.7,92.0,94.5,70.0,0.68
5209,新鼎,78.4,78.2,78.0,78.2,0.0,0.63
6790,永豐實,47.1,47.2,46.8,47.05,12.5,0.43
5016,松和,39.05,39.3,38.75,38.9,3.45,0.65
1414,東和,17.7,17.9,17.45,17.7,37.04,0.55
3611,鼎翰,193.0,194.0,192.5,193.0,18.18,0.5
4510,高鋒,11.15,11.8,11.2,11.2,22.22,0.45
2444,兆勁,11.2,11.6,11.2,11.2,10.0,0.52
3285,微端,20.1,20.55,20.1,20.55,20.0,0.76
6431,光麗-KY,27.5,28.4,26.95,28.4,0.0,0.72
2204,中華,58.8,60.0,59.0,59.9,65.0,0.46
3032,偉訓,30.0,30.1,29.9,29.9,0.0,0.52
5536,聖暉,201.0,202.5,200.0,201.5,33.33,0.47
2211,長榮鋼,58.3,59.2,58.2,58.4,0.0,0.65
8213,志超,47.5,49.45,48.9,49.1,67.5,0.6
2483,百容,22.0,23.05,21.9,23.0,14.29,0.81
3287,廣寰科,15.5,15.5,15.2,15.3,26.92,0.62
6514,芮特-KY,62.0,63.7,60.4,61.2,7.52,0.34
4527,方土霖,27.4,27.45,27.4,27.4,50.0,0.31
1586,和勤,39.3,39.8,39.25,39.4,50.0,0.29
4958,臻鼎-KY,104.5,105.5,103.5,105.5,14.29,0.47
3252,海灣,16.65,16.55,16.5,16.5,0.0,0.53
6486,互動,75.3,76.7,74.3,75.0,10.71,0.49
9951,皇田,70.2,72.0,70.2,71.8,50.0,0.55
2633,台灣高鐵,28.2,28.35,28.1,28.25,10.0,0.55
1452,宏益,23.9,23.95,23.7,23.75,7.69,0.28
3646,艾恩特,26.45,27.0,26.3,26.7,0.0,0.46
3537,堡達,41.45,41.9,40.65,41.0,0.0,0.37
8349,恒耀,58.9,58.7,57.9,58.2,17.39,0.3
2070,精湛,33.55,33.45,33.0,33.45,27.66,0.5
6596,寬宏藝術,47.85,47.85,47.7,47.85,0.0,0.57
4433,興采,28.8,29.05,28.55,29.0,0.0,0.45
3022,威強電,44.95,45.3,44.8,44.9,0.0,0.56
6624,萬年清,40.5,40.5,40.5,40.5,25.0,0.35
5608,四維航,45.25,46.3,43.4,43.4,48.24,0.19
1466,聚隆,14.5,14.6,14.35,14.45,0.0,0.79
2464,盟立,40.1,40.4,40.1,40.2,5.88,0.44
6629,泰金-KY,57.2,57.2,57.2,57.2,20.83,0.33
4744,皇將,30.6,31.1,29.6,29.9,26.32,0.5
6592,和潤企業,111.5,113.0,111.5,113.0,40.0,0.51
4999,鑫禾,38.1,38.2,38.0,38.1,0.0,0.68
1536,和大,75.2,77.6,75.0,76.0,25.0,0.35
5484,慧友,14.0,14.05,13.95,14.0,46.15,0.48
2905,三商,20.8,21.0,20.75,20.95,0.0,0.58
8059,凱碩,9.69,10.0,9.57,9.75,30.19,0.54
6016,康和證,13.9,14.05,13.85,13.9,13.33,0.645
2239,英利-KY,69.0,69.7,68.6,69.3,33.33,0.6
2915,潤泰全,100.5,110.5,108.0,110.5,56.67,0.67
6449,鈺邦,53.5,55.0,52.2,55.0,22.22,0.48
4571,鈞興-KY,88.0,88.7,88.0,88.0,8.33,0.56
1434,福懋,27.55,27.7,27.5,27.5,15.38,0.57
2313,華通,44.55,47.15,45.3,46.65,57.81,0.67
8039,台虹,43.9,44.1,43.7,43.9,36.36,0.22
2945,三商家購,60.0,60.8,59.9,60.2,29.73,0.29
2035,唐榮,36.1,36.3,35.3,35.3,42.86,0.29
3305,昇貿,67.7,68.6,67.1,67.6,0.0,0.44
4530,宏易,8.92,8.92,8.73,8.92,50.0,0.66
1617,榮星,17.7,17.95,17.55,17.55,21.04,0.3
4952,凌通,70.9,71.8,70.2,70.2,0.0,0.34
6547,高端疫苗,262.0,264.5,255.0,255.5,0.0,0.41
6221,晉泰,47.6,47.6,46.9,47.0,8.33,0.21
8410,森田,30.85,30.95,30.8,30.85,11.11,0.328952380952381
8147,正淩,61.8,62.2,61.3,61.5,0.0,0.27
9902,台火,12.0,12.05,11.95,11.95,41.67,0.41
3679,新至陞,84.3,85.0,84.3,84.7,53.85,0.23
2731,雄獅,95.3,97.4,94.6,94.6,0.0,0.37
6195,詩肯,52.0,52.5,52.0,52.1,0.0,0.415
5438,東友,14.5,14.55,14.25,14.3,27.27,0.37
8088,品安,22.05,22.25,22.0,22.05,15.0,0.53
2371,大同,33.55,33.8,33.3,33.7,0.0,0.52
2428,興勤,129.0,132.0,128.5,129.0,0.0,0.46
6171,亞銳士,29.7,29.8,29.6,29.6,11.11,0.14
2420,新巨,42.2,42.5,42.05,42.25,0.0,0.35
2357,華碩,356.0,362.0,357.0,358.0,73.33,0.62
8433,弘帆,43.65,43.6,43.4,43.45,7.89,0.56
5201,凱衛,31.0,31.45,30.5,30.6,9.52,0.35
8024,佑華,23.5,23.65,22.85,22.9,3.92,0.37
6292,迅德,46.25,46.5,45.55,45.8,23.68,0.29
8131,福懋科,39.3,39.6,39.3,39.4,0.0,0.41
4735,豪展,48.7,48.9,48.0,48.1,30.21,0.62
6504,南六,97.5,99.4,95.2,96.1,72.34,0.48
2308,台達電,236.5,252.0,239.0,252.0,36.0,0.57
3236,千如,22.7,22.85,22.5,22.65,3.45,0.81
3231,緯創,28.6,28.95,28.6,28.85,13.33,0.46
1735,日勝化,17.6,17.6,17.55,17.55,18.75,0.27
3564,其陽,25.0,25.35,24.5,24.95,0.0,0.45
3354,律勝,16.05,16.4,16.05,16.2,28.57,0.33
5223,安力-KY,49.7,49.7,49.15,49.7,0.0,0.19
2451,創見,71.7,72.2,71.6,71.7,16.67,0.33
2516,新建,5.64,5.7,5.55,5.64,7.69,0.47
2739,寒舍,22.0,22.2,21.65,22.0,8.33,0.59
6108,競國,19.5,19.7,19.4,19.5,14.29,0.43
1519,華城,38.9,41.25,38.95,40.2,23.29,0.59
6244,茂迪,33.1,33.9,32.8,32.8,53.57,0.6
8472,夠麻吉,48.1,48.0,45.65,48.0,41.38,0.53
2540,愛山林,119.5,121.0,119.0,120.0,33.33,0.39333333333333337
6235,華孚,36.8,38.05,35.5,35.85,37.62,0.5
5450,寶聯通,17.85,18.3,17.9,17.9,0.0,0.75
6194,育富,23.7,23.75,23.45,23.7,57.14,0.44
1907,永豐餘,31.8,32.0,31.7,31.95,8.33,0.45
1103,嘉泥,19.95,20.1,19.95,20.0,10.0,0.43
6674,鋐寶科技,29.4,29.5,29.1,29.4,79.31,0.22
2314,台揚,56.9,57.9,55.9,56.3,2.44,0.28
8374,羅昇,29.35,29.8,28.7,29.25,0.0,0.41
1528,恩德,9.38,9.42,9.35,9.36,0.0,0.62
6613,朋億,165.0,165.0,163.0,163.5,11.76,0.38
1236,宏亞,25.95,26.5,25.55,25.55,26.83,0.34
2206,三陽工業,27.75,27.9,27.6,27.8,0.0,0.57
2536,宏普,20.8,20.85,20.75,20.85,7.69,0.34
4991,環宇-KY,40.2,41.0,40.5,40.5,17.65,0.52
1722,台肥,73.0,74.6,72.3,73.6,3.57,0.66
2109,華豐,15.15,15.35,14.95,14.95,0.0,0.71
3567,逸昌,34.8,35.0,34.3,34.45,0.0,0.67
3693,營邦,50.6,51.8,50.5,50.5,10.0,0.27
1473,台南,18.35,18.35,18.25,18.35,30.77,0.6183333333333334
6594,展匯科,39.0,39.05,38.7,38.7,34.65,0.29
3149,正達,22.7,23.6,22.7,22.75,0.0,0.46
1337,再生-KY,6.61,6.65,6.59,6.59,0.0,0.65
1909,榮成,20.45,20.8,20.45,20.45,26.32,0.2
8926,台汽電,37.35,37.6,37.35,37.45,42.86,0.3
5529,鉅陞,16.0,16.05,15.8,15.85,0.0,0.62
3048,益登,35.1,35.3,34.8,35.1,0.0,0.79
1312,國喬,25.95,26.1,25.85,26.0,31.25,0.55
6770,力積電,51.9,52.7,51.6,51.9,31.03,0.46
3581,博磊,24.65,24.75,24.3,24.75,8.33,0.55
6189,豐藝,43.75,44.0,43.75,43.75,6.67,0.46
5212,凌網,47.7,49.3,47.0,47.0,23.68,0.41
4438,廣越,110.5,111.5,110.0,111.5,16.67,0.5
8240,華宏,32.5,32.5,32.15,32.15,7.14,0.49
4157,太景*-KY,18.05,18.3,17.5,17.65,93.75,0.65
6155,鈞寶,22.8,23.4,23.0,23.05,0.0,0.48
8446,華研,83.4,83.4,83.0,83.0,0.0,0.36
5906,台南-KY,36.25,36.1,35.55,36.0,23.68,0.58
2495,普安,15.25,15.5,15.2,15.25,23.53,0.77
5211,蒙恬,17.3,17.4,17.1,17.4,6.67,0.31
4532,瑞智,17.35,17.5,17.3,17.4,0.0,0.81
4754,國碳科,39.35,39.4,39.1,39.1,0.0,0.56
6163,華電網,17.4,17.8,17.35,17.35,22.22,0.73
8109,博大,71.2,71.8,71.5,71.5,0.0,0.58
5230,雷笛克光學,27.65,27.0,26.65,27.0,0.0,0.42
2515,中工,9.6,9.7,9.49,9.49,8.2,0.6
1104,環泥,20.25,20.45,20.3,20.45,0.0,0.64
1445,大宇,15.0,15.1,15.0,15.05,0.0,0.53
3543,州巧,22.55,22.55,22.5,22.5,0.0,0.61
3615,安可,20.3,20.5,20.2,20.3,31.03,0.38
4706,大恭,18.2,18.4,18.1,18.15,11.11,0.29
4139,馬光-KY,42.6,42.7,42.2,42.65,1.09,0.33
2723,美食-KY,91.2,92.5,91.4,91.5,42.86,0.27
2105,正新,33.8,34.0,33.8,33.95,0.0,0.49
4973,廣穎,22.35,22.35,22.1,22.2,14.04,0.33
5701,劍湖山,2.98,3.0,2.95,2.96,0.0,0.67
6527,明達醫,45.55,46.1,45.4,45.4,0.0,0.46
3026,禾伸堂,114.5,115.0,114.0,114.5,0.0,0.69
2067,嘉鋼,13.55,13.6,13.35,13.35,10.53,0.28
6416,瑞祺電通,84.2,86.9,84.2,84.2,14.1,0.65
1580,新麥,103.5,104.0,102.5,102.5,28.57,0.06
1439,中和,22.7,22.5,22.5,22.5,0.0,0.6
2020,美亞,32.8,33.25,32.65,32.65,23.53,0.55
5013,強新,35.6,35.95,35.5,35.65,5.97,0.33
3665,貿聯-KY,299.0,308.5,301.0,305.0,93.75,0.63
4714,永捷,13.15,13.35,13.15,13.2,0.0,0.56
1340,勝悅-KY,10.1,10.15,10.1,10.15,0.0,0.82
2754,亞洲藏壽司,73.1,73.6,72.8,73.0,8.0,0.61
1305,華夏,33.1,33.5,33.0,33.3,20.0,0.42
4702,中美實,15.95,16.4,15.6,16.05,4.65,0.6
4528,江興鍛,38.4,38.15,38.05,38.05,6.98,0.36
6185,幃翔,13.0,13.25,13.0,13.0,0.0,0.57
6287,元隆,7.82,7.83,7.75,7.8,15.91,0.62
5546,永固-KY,58.0,58.2,57.0,57.9,4.55,0.35
4971,IET-KY,70.8,71.9,70.8,71.6,8.0,0.58
9944,新麗,20.7,20.8,20.7,20.75,16.67,0.28
3268,海德威,23.0,23.0,22.5,22.65,0.0,0.57
3044,健鼎,126.0,128.0,125.0,128.0,100.0,0.76
1591,駿吉-KY,19.6,20.05,19.6,19.6,0.0,0.51
6198,凌泰,34.4,34.2,34.2,34.2,54.55,0.62
1310,台苯,16.5,16.65,16.5,16.6,0.0,0.64
6026,福邦證,19.5,19.7,19.35,19.45,44.68,0.385
3276,宇環,16.5,16.8,16.15,16.4,13.33,0.44
6169,昱泉,21.5,21.55,21.15,21.2,0.0,0.28
7556,意德士,105.5,108.0,106.0,106.0,0.0,0.57
8429,金麗-KY,10.6,11.0,10.6,10.6,0.0,0.61
2349,錸德,8.7,9.0,8.7,8.85,0.0,0.47
6405,悅城,25.8,25.9,25.5,25.9,15.38,0.45
4580,捷流閥業,87.6,88.3,87.0,87.4,0.0,0.59
1472,三洋實業,22.8,22.8,22.8,22.8,97.3,0.5239938672438672
3056,總太,33.8,34.0,33.65,34.0,40.0,0.41
5386,青雲,41.4,42.3,41.1,41.45,26.13,0.46
3092,鴻碩,62.0,63.3,61.5,62.0,0.0,0.2
8089,康全電訊,24.45,24.9,24.15,24.35,0.0,0.52
1723,中碳,112.0,113.0,111.0,112.0,0.0,0.84
1477,聚陽,180.0,187.5,180.0,185.5,40.3,0.72
3483,力致,74.9,75.7,73.5,74.2,0.0,0.57
5907,大洋-KY,17.0,16.65,16.55,16.6,42.11,0.36666666666666664
5203,訊連,87.6,89.1,87.4,88.1,50.0,0.3
2368,金像電,78.2,80.3,78.2,78.9,25.64,0.68
8936,國統,21.05,21.35,20.85,21.05,16.22,0.64
1457,宜進,18.2,18.35,18.2,18.3,28.57,0.5033333333333333
2547,日勝生,10.15,10.2,10.0,10.05,0.0,0.66
4113,聯上,13.7,13.8,13.7,13.7,0.0,0.28
3217,優群,98.2,99.5,96.2,96.7,8.62,0.57
6803,崑鼎,245.0,245.5,245.0,245.0,44.44,0.48
2527,宏璟,28.8,29.2,28.8,28.95,7.14,0.6
6532,瑞耘,46.0,46.35,45.55,46.15,39.18,0.37
3557,嘉威,72.3,73.4,71.7,72.3,50.0,0.45
1718,中纖,8.88,8.96,8.85,8.85,0.0,0.51
3432,台端,13.55,13.7,13.5,13.55,25.0,0.63
2727,王品,117.0,118.0,116.5,117.0,0.0,0.32
1324,地球,10.8,10.85,10.75,10.75,0.0,0.5
2722,夏都,30.2,30.95,30.2,30.3,0.0,0.54
5905,南仁湖,13.5,13.6,13.3,13.35,0.0,0.52
2457,飛宏,40.95,41.7,40.7,40.7,12.0,0.43
6419,京晨科,27.0,28.65,26.8,28.25,45.14,0.93
9911,櫻花,62.2,62.5,61.2,61.6,6.06,0.5
6139,亞翔,29.45,29.95,29.55,29.85,0.0,0.71
5289,宜鼎,204.0,206.0,199.5,201.5,25.0,0.4
6218,豪勉,20.3,20.35,20.1,20.1,16.67,0.22
2354,鴻準,59.5,59.7,59.0,59.4,0.0,0.35
5478,智冠,87.3,88.0,86.6,86.8,10.61,0.43
6570,維田,42.0,40.8,40.45,40.75,0.0,0.39
3623,富晶通,19.7,21.5,19.8,20.8,100.0,0.92
6691,洋基工程,182.0,182.0,181.0,181.5,0.0,0.68
2718,晶悅,31.65,33.25,31.75,32.75,17.95,0.78
6212,理銘,60.3,55.0,54.0,55.0,100.0,0.39
1529,樂士,22.3,23.0,22.05,22.2,20.51,0.45
8067,志旭,9.18,9.3,9.17,9.22,32.73,0.66
3272,東碩,29.75,30.4,29.85,29.85,14.71,0.63
2736,高野,16.1,16.45,16.0,16.15,0.0,0.67
5291,邑昇,37.25,37.4,36.8,37.4,8.33,0.41
8085,福華,17.9,18.1,17.85,17.85,0.0,0.82
3040,遠見,35.3,35.25,34.7,34.8,5.56,0.51
3162,精確,39.05,39.4,38.85,39.05,5.88,0.74
1587,吉茂,23.95,24.0,23.65,23.7,38.1,0.45
2752,豆府,153.0,154.0,152.0,152.0,33.33,0.14
2485,兆赫,17.95,18.0,17.6,17.65,22.22,0.29
5251,天鉞電,18.1,18.45,17.6,17.6,40.0,0.4
8049,晶采,25.2,25.4,25.0,25.1,0.0,0.4
4566,時碩工業,41.8,42.0,41.5,41.7,2.38,0.72
6573,虹揚-KY,16.75,16.85,16.5,16.6,0.0,0.67
1742,台蠟,20.5,20.65,20.5,20.55,0.0,0.51
2013,中鋼構,52.8,56.4,52.9,55.8,20.41,0.85
5276,達輝-KY,12.05,12.45,12.2,12.25,20.34,0.53
2491,吉祥全,17.35,17.75,17.1,17.15,0.0,0.66
4192,杏國,34.05,34.35,33.25,34.3,21.74,0.46
2101,南港,39.0,39.6,38.7,39.15,0.0,0.46
6482,弘煜科,37.1,37.0,36.05,36.65,0.0,0.36
5206,坤悅,14.6,14.6,14.4,14.6,25.0,0.51
4540,全球,44.25,44.25,43.55,43.7,16.67,0.55
2888,新光金,10.0,10.1,9.98,9.98,0.0,0.84
3617,碩天,67.8,67.9,67.5,67.6,25.0,0.31
5263,智崴,113.0,114.5,112.0,112.5,0.0,0.78
2034,允強,34.4,34.95,33.7,33.7,0.0,0.52
4722,國精化,40.55,41.5,40.5,40.85,0.0,0.46
2427,三商電,12.0,12.1,11.95,12.0,6.25,0.7
4526,東台,15.2,15.5,15.1,15.15,0.0,0.78
6257,矽格,56.0,56.4,55.5,55.7,0.0,0.69
4536,拓凱,125.5,127.0,125.5,127.0,0.0,0.54
3010,華立,103.0,104.0,102.0,103.0,10.0,0.71
4906,正文,30.05,30.45,29.8,30.1,10.53,0.61
3038,全台,18.3,18.4,18.1,18.15,10.53,0.26
1304,台聚,28.75,28.9,28.35,28.4,21.43,0.36
3546,宇峻,79.6,80.9,78.8,78.8,8.11,0.28
3702,大聯大,54.7,55.0,54.0,54.7,0.0,0.51
9943,好樂迪,55.6,56.2,55.6,56.2,68.42,0.4
2328,廣宇,35.65,35.9,34.85,35.05,18.84,0.22
6477,安集,58.1,60.2,58.3,59.1,12.22,0.49
6141,柏承,26.6,27.0,26.35,26.4,18.92,0.22
5392,能率,22.5,22.75,22.4,22.4,23.08,0.4
6243,迅杰,41.75,44.5,42.2,42.3,0.0,0.46
1409,新纖,19.85,20.05,19.8,19.9,0.0,0.38
6191,精成科,32.0,32.5,31.95,32.1,15.38,0.44
2704,國賓,31.1,32.65,31.05,32.05,51.52,0.81
1805,寶徠,13.1,13.25,12.95,12.95,8.33,0.74
3501,維熹,44.15,44.1,43.9,44.05,5.88,0.38
3689,湧德,42.85,43.3,42.35,42.5,0.0,0.42
1447,力鵬,8.72,8.9,8.72,8.73,0.0,0.68
4554,橙的,33.3,33.35,33.0,33.1,39.62,0.34
6548,長科*,92.2,93.5,90.3,92.6,9.86,0.37
2115,六暉-KY,37.45,37.3,37.2,37.3,5.56,0.47
3015,全漢,41.55,41.65,41.45,41.6,0.0,0.6
4943,康控-KY,24.05,24.3,23.75,23.75,3.57,0.4
2305,全友,8.83,9.11,8.84,9.03,84.62,0.39
3029,零壹,42.1,42.3,42.0,42.1,0.0,0.49
6180,橘子,64.2,64.7,63.3,63.5,0.0,0.42
2330,台積電,547.0,551.0,544.0,546.0,0.0,0.57
1603,華電,28.4,28.7,27.15,27.3,17.31,0.15
1308,亞聚,36.0,36.7,36.1,36.15,9.09,0.39
2614,東森,30.45,31.4,29.95,30.05,43.28,0.55
6020,大展證,20.5,20.55,20.3,20.5,5.62,0.45
8462,柏文,123.5,127.5,123.5,124.0,7.14,0.62
3630,新鉅科,31.75,32.4,31.3,31.35,9.68,0.5
5314,世紀,4.86,4.8,4.5,4.8,16.67,0.69
6284,佳邦,54.6,55.3,53.4,53.7,0.0,0.59
2926,誠品生活,60.0,55.5,55.0,55.1,0.0,0.48
1456,怡華,19.6,19.95,19.5,19.55,0.0,0.38
2114,鑫永銓,122.5,123.0,122.0,123.0,33.33,0.61
6226,光鼎,12.5,12.8,12.25,12.3,0.0,0.38
1449,佳和,13.8,13.75,13.5,13.7,0.0,0.33
5315,光聯,17.25,17.4,17.2,17.3,0.0,0.81
3086,華義,114.0,118.0,114.0,114.5,0.0,0.62
6219,富旺,16.4,16.6,16.3,16.4,5.56,0.575
2609,陽明,121.5,123.5,121.0,121.0,26.67,0.39
1303,南亞,85.9,86.5,86.0,86.3,0.0,0.36
3413,京鼎,219.0,220.5,214.5,219.0,26.47,0.55
4561,健椿,27.3,27.05,26.7,26.8,15.79,0.41
6552,易華電,47.25,48.2,47.2,47.25,13.73,0.3
2528,皇普,19.65,19.65,19.65,19.65,33.33,0.7
2923,鼎固-KY,24.7,25.25,24.6,25.25,36.11,0.57
6505,台塑化,90.1,90.8,89.5,89.7,0.0,0.69
2364,倫飛,19.6,19.6,19.6,19.6,0.0,0.63
6147,頎邦,67.5,67.8,67.0,67.1,51.43,0.4
3064,泰偉,12.55,12.55,12.55,12.55,0.0,0.604
2438,翔耀,13.5,13.65,13.2,13.2,12.5,0.28
3685,元創精密,27.95,27.65,26.95,27.1,0.0,0.19
8464,億豐,312.5,318.0,309.0,312.5,38.46,0.68
3289,宜特,49.9,50.6,49.55,49.7,5.13,0.41
1315,達新,77.7,79.4,78.0,78.5,3.45,0.4
5452,佶優,20.05,20.15,19.75,19.85,0.0,0.37
8076,伍豐,28.4,28.75,28.0,28.05,0.0,0.6
2449,京元電子,40.15,40.55,40.05,40.05,0.0,0.48
2419,仲琦,18.95,19.2,18.9,19.0,35.71,0.34
8932,宏大,25.65,25.65,24.35,24.4,3.57,0.46
6294,智基,122.5,123.5,122.0,122.0,3.85,0.49
1521,大億,36.8,37.5,36.45,36.55,0.0,0.23
9907,統一實,16.25,16.5,16.1,16.2,4.0,0.5
2348,海悅,97.7,98.6,97.8,98.2,11.63,0.25
1417,嘉裕,12.85,12.9,12.65,12.75,12.5,0.61
1565,精華,268.0,270.5,266.0,267.5,4.17,0.26
8096,擎亞,12.7,12.85,12.6,12.7,0.0,0.58
6640,均華,96.2,96.2,93.2,93.5,12.5,0.31
1435,中福,55.5,61.0,58.1,61.0,63.64,0.63
1101,台泥,46.1,46.4,46.1,46.2,0.0,0.4
3499,環天科,17.75,18.3,17.7,17.8,6.45,0.53
8437,大地-KY,110.5,112.0,111.0,112.0,0.0,0.82
6625,必應,27.9,27.9,27.55,27.65,13.04,0.27
4576,大銀微系統,99.5,100.0,98.0,99.4,24.75,0.34
6432,今展科,35.6,36.3,35.1,35.3,0.0,0.52
1512,瑞利,3.93,3.93,3.9,3.9,25.93,0.48
6716,應廣,150.0,151.0,149.5,149.5,0.0,0.31
3323,加百裕,37.85,38.4,37.5,37.6,0.0,0.65
2230,泰茂,14.6,15.3,14.7,14.85,9.52,0.55
8476,台境,58.0,59.7,58.4,59.2,10.0,0.49
2103,台橡,31.6,32.15,31.75,32.05,32.69,0.31
5278,尚凡,260.0,259.5,254.5,256.0,26.32,0.52
2511,太子,12.55,12.75,12.5,12.75,0.0,0.65
5281,大峽谷-KY,19.75,19.8,19.75,19.75,29.03,0.66
2867,三商壽,7.96,8.1,7.97,7.99,0.0,0.51
1526,日馳,45.65,46.75,45.65,45.65,0.0,0.3
6269,台郡,95.0,96.7,94.6,95.0,5.26,0.24
2719,燦星旅,13.0,13.9,13.0,13.9,0.0,0.58
5508,永信建,71.7,72.4,71.6,71.7,50.0,0.29
6188,廣明,40.4,40.75,40.05,40.05,30.43,0.54
2385,群光,83.6,84.4,83.2,83.2,12.2,0.09
6499,益安,74.4,76.3,73.5,74.0,35.29,0.32
8215,明基材,32.85,33.2,32.6,32.65,3.03,0.36
1517,利奇,22.7,23.6,22.55,22.75,23.81,0.54
9962,有益,19.3,19.9,18.9,19.0,0.0,0.59
6142,友勁,9.99,9.98,9.8,9.8,33.9,0.59
1903,士紙,57.0,57.4,56.8,56.9,0.0,0.54
8107,大億金茂,18.15,18.3,18.1,18.15,12.0,0.29666666666666663
2472,立隆電,59.4,60.0,59.0,59.3,0.0,0.3
2327,國巨,393.5,402.0,395.0,399.0,41.67,0.54
2365,昆盈,10.25,10.35,10.2,10.25,0.0,0.64
2406,國碩,23.9,24.45,24.0,24.05,25.93,0.35
3257,虹冠電,69.5,70.2,69.4,69.7,0.0,0.47
8070,長華*,34.55,34.8,34.15,34.55,0.0,0.51
2351,順德,135.5,138.0,131.0,131.0,20.0,0.51
3362,先進光,60.4,61.4,60.1,60.1,13.04,0.19
2012,春雨,30.05,30.15,29.75,30.05,9.62,0.33
3308,聯德,13.6,13.8,13.3,13.55,10.53,0.37
6197,佳必琪,39.0,39.6,39.2,39.4,25.58,0.42
8284,三竹,54.5,54.9,53.8,54.0,2.63,0.38
5864,致和證,15.8,15.95,15.7,15.75,7.41,0.42
8210,勤誠,70.1,70.5,68.6,68.8,11.11,0.2
6751,智聯服務,40.9,42.0,40.3,41.9,19.12,0.7
3321,同泰,11.8,11.85,11.6,11.6,0.0,0.28
2415,錩新,38.6,39.45,38.45,38.75,6.67,0.49
6451,訊芯-KY,79.4,79.7,78.0,78.6,26.32,0.36
3213,茂訊,51.8,52.2,51.8,51.8,11.11,0.46
4927,泰鼎-KY,94.8,95.4,90.4,94.3,2.08,0.48
5469,瀚宇博,39.25,39.9,39.35,39.35,0.0,0.46
3191,和進,9.5,9.79,9.51,9.79,46.2,0.72
2929,淘帝-KY,9.05,9.18,9.0,9.0,0.0,0.56
4543,萬在,17.2,17.75,17.3,17.4,0.0,0.78
6667,信紘科,79.0,80.7,78.8,79.7,0.0,0.46
6261,久元,76.0,76.4,75.2,75.2,3.12,0.48
8021,尖點,32.85,34.4,33.1,34.2,37.5,0.63
8043,蜜望實,23.95,24.25,23.8,24.05,0.0,0.63
2382,廣達,83.2,84.0,82.2,83.9,6.82,0.72
3293,鈊象,725.0,732.0,724.0,725.0,11.63,0.2
4720,德淵,14.5,14.65,14.35,14.45,0.0,0.81
9946,三發地產,12.85,12.9,12.75,12.75,21.05,0.51
6642,富致,63.8,64.9,63.7,64.1,8.7,0.19
1309,台達化,31.5,31.65,31.35,31.4,0.0,0.51
5426,振發,10.4,10.45,10.35,10.45,0.0,0.71
1709,和益,26.55,26.9,26.0,26.4,31.51,0.64
6283,淳安,33.75,35.05,33.4,34.05,3.41,0.54
5285,界霖,88.8,90.1,88.5,88.8,22.88,0.63
4529,淳紳,11.3,11.8,11.3,11.4,4.35,0.33
3550,聯穎,15.8,15.8,15.65,15.7,20.0,0.35
6227,茂綸,36.7,37.5,36.7,36.8,60.87,0.62
2443,昶虹,3.01,3.12,3.01,3.02,4.76,0.5
5299,杰力,174.0,176.5,172.0,172.5,31.25,0.7
2392,正崴,35.0,35.4,34.65,35.0,30.77,0.43
2441,超豐,69.2,69.7,68.8,68.8,0.0,0.6
2489,瑞軒,15.25,15.4,15.05,15.05,0.0,0.62
3520,振維,14.0,14.05,13.6,13.95,13.04,0.39
2383,台光電,235.5,239.0,233.0,235.5,33.33,0.34
6664,群翊,79.0,80.0,79.0,79.2,0.0,0.49
1268,漢來美食,106.5,109.5,106.5,107.0,15.38,0.56
6240,松崗,20.1,21.25,19.75,20.3,27.43,0.42
8011,台通,15.9,16.15,15.85,16.0,0.0,0.66
3673,TPK-KY,35.05,35.45,34.8,35.1,22.86,0.55
1809,中釉,13.35,13.55,13.2,13.25,0.0,0.39
2524,京城,32.6,33.25,32.8,32.85,20.59,0.66
6121,新普,293.5,297.0,290.0,290.5,12.5,0.15
2497,怡利電,84.2,87.3,83.7,84.1,10.05,0.52
5464,霖宏,21.5,21.5,21.05,21.5,0.0,0.5
1256,鮮活果汁-KY,276.0,274.0,270.0,272.0,4.17,0.52
3054,立萬利,20.25,20.65,19.9,20.4,0.0,0.48
3147,大綜,44.4,44.2,43.7,43.7,2.08,0.54
8499,鼎炫-KY,115.5,116.5,113.5,114.0,20.0,0.255
1598,岱宇,43.6,43.8,43.0,43.4,0.0,0.48
2367,燿華,16.65,16.85,16.45,16.5,6.25,0.63
6264,富裔,8.15,8.38,8.22,8.35,25.32,0.66
1597,直得,77.2,78.0,77.2,77.3,45.0,0.34
6205,詮欣,79.0,81.2,77.1,77.9,38.95,0.61
2440,太空梭,14.15,14.6,14.1,14.35,53.85,0.37
8068,全達,28.95,28.95,28.15,28.15,0.0,0.47
2855,統一證,21.05,21.1,20.95,20.95,0.0,0.59
3592,瑞鼎,505.0,508.0,490.0,490.0,59.2,0.6
3296,勝德,14.45,14.8,14.45,14.8,16.67,0.52
8249,菱光,21.0,21.35,20.85,20.85,0.0,0.53
3021,鴻名,21.0,21.1,20.85,20.85,35.71,0.38
2404,漢唐,179.5,180.0,177.0,177.5,25.0,0.13
5457,宣德,53.8,54.2,53.5,53.7,38.1,0.62
4128,中天,60.1,60.9,58.5,58.7,46.67,0.43
5439,高技,50.6,51.2,50.5,50.5,0.0,0.52
6542,隆中,44.4,44.4,44.4,44.4,0.0,0.47
3406,玉晶光,384.0,395.0,384.0,393.5,8.26,0.76
4154,康樂-KY,39.9,40.0,38.85,40.0,47.46,0.29
3122,笙泉,52.0,53.4,51.0,51.0,0.0,0.35
3711,日月光投控,94.6,95.5,94.8,95.0,8.16,0.38
3060,銘異,21.0,21.25,20.8,20.9,21.74,0.65
3019,亞光,70.9,72.1,71.2,71.3,3.77,0.71
2904,匯僑,22.2,22.45,22.2,22.2,20.0,0.21
6512,啟發電,17.8,17.6,17.25,17.25,26.67,0.41
2027,大成鋼,48.5,49.05,46.1,46.2,18.52,0.41
2459,敦吉,52.0,52.3,51.9,52.0,0.0,0.43
4903,聯光通,10.1,10.25,10.1,10.25,0.0,0.71
2002,中鋼,36.6,36.8,36.1,36.1,1.43,0.28
2413,環科,18.95,19.3,18.6,18.95,4.44,0.65
2724,富驛-KY,14.5,14.5,14.5,14.5,43.24,0.71
2756,聯發國際,109.0,111.0,108.0,111.0,0.0,0.76
3027,盛達,19.4,20.0,19.4,19.75,8.0,0.77
6118,建達,27.3,28.25,27.25,27.3,0.0,0.52
6668,中揚光,44.85,45.5,43.9,43.9,0.0,0.63
6215,和椿,24.8,25.05,24.75,24.8,0.0,0.58
3438,類比科,66.1,66.3,65.0,65.5,0.0,0.58
1474,弘裕,13.7,13.75,13.65,13.75,0.0,0.3733333333333333
6251,定穎,22.05,22.35,21.75,21.75,4.76,0.36
9921,巨大,248.5,254.5,248.5,250.5,0.0,0.51
6173,信昌電,50.3,50.6,50.0,50.1,0.0,0.57
6654,天正國際,65.5,66.0,65.2,65.2,0.0,0.64
9934,成霖,12.3,12.45,12.1,12.25,45.0,0.68
3380,明泰,28.6,29.2,28.4,29.1,19.23,0.74
5443,均豪,29.6,30.3,29.55,29.55,0.0,0.63
2028,威致,39.45,39.85,37.95,37.95,10.81,0.34
6134,萬旭,21.65,22.65,21.8,22.0,4.69,0.62
2363,矽統,22.05,22.35,21.9,22.0,0.0,0.69
2421,建準,37.9,38.8,38.0,38.35,33.33,0.51
6125,廣運,23.85,24.2,23.8,23.85,10.0,0.52
4137,麗豐-KY,188.0,190.0,185.0,185.5,13.33,0.38
5531,鄉林,10.05,10.2,10.05,10.2,0.0,0.74
6113,亞矽,12.35,12.65,11.9,12.05,20.83,0.33
4989,榮科,37.75,37.85,36.95,37.0,7.41,0.3
8034,榮群,16.7,16.95,16.5,16.65,9.09,0.41
2387,精元,37.85,38.5,37.6,37.9,9.59,0.36
3033,威健,30.35,30.65,30.2,30.35,0.0,0.6325
3152,璟德,251.5,253.0,246.0,247.0,0.0,0.28
2405,浩鑫,12.95,13.2,12.75,12.8,38.71,0.54
6160,欣技,14.65,14.7,14.5,14.6,0.0,0.76
6409,旭隼,1290.0,1315.0,1225.0,1275.0,10.53,0.72
6111,大宇資,81.8,83.3,81.5,82.5,35.25,0.71
4967,十銓,37.15,37.7,37.2,37.55,84.21,0.37
6156,松上,18.85,19.4,18.4,18.55,0.0,0.46
2601,益航,11.05,11.25,10.8,10.85,30.0,0.35
1710,東聯,20.7,21.0,20.65,20.75,0.0,0.58
1727,中華化,47.3,48.3,46.0,46.0,23.29,0.37
2636,台驊投控,117.0,119.0,116.5,117.0,0.0,0.4
2535,達欣工,31.35,32.45,31.35,31.4,50.0,0.37
3597,映興,25.9,26.0,25.9,26.0,0.0,0.45
2337,旺宏,38.15,38.55,37.8,38.0,8.7,0.57
5014,建錩,20.3,20.65,20.0,20.0,9.68,0.34
4942,嘉彰,45.35,45.55,45.15,45.3,15.62,0.39
2231,為升,136.0,140.5,136.0,137.5,0.0,0.29
2478,大毅,54.4,54.7,54.0,54.0,32.14,0.52
5455,昇益,26.95,26.5,26.0,26.5,0.0,0.43
4729,熒茂,11.4,11.55,11.25,11.45,27.27,0.43
3653,健策,370.0,376.0,339.0,339.0,3.65,0.28
6246,臺龍,14.85,15.35,14.9,14.9,5.88,0.43
4419,元勝,10.05,10.05,10.05,10.05,0.0,0.85
6576,逸達,113.0,115.0,112.5,113.5,57.14,0.34
2353,宏碁,27.1,27.5,27.1,27.45,21.21,0.5
3694,海華,19.7,19.95,19.5,19.6,5.0,0.48
1229,聯華,59.8,60.0,57.7,58.3,9.38,0.32
4919,新唐,149.0,153.0,143.5,143.5,12.96,0.24
2355,敬鵬,30.05,30.6,30.0,30.0,2.44,0.31
3234,光環,22.45,23.0,22.5,22.5,31.25,0.46
1773,勝一,200.5,204.0,200.5,202.5,8.82,0.34
4935,茂林-KY,62.2,64.0,61.6,61.8,32.38,0.21
1711,永光,23.35,23.55,22.65,22.7,5.77,0.49
5904,寶雅,384.0,372.5,353.5,355.0,54.74,0.23
2360,致茂,162.0,164.5,154.5,158.0,4.17,0.41
6274,台燿,71.1,75.7,72.0,75.1,51.09,0.59
2597,潤弘,122.0,132.5,123.0,128.0,30.43,0.63
6220,岳豐,21.05,21.1,20.85,20.9,87.5,0.52
5523,豐謙,23.9,24.8,23.75,24.7,41.86,0.73
1712,興農,32.6,32.75,31.6,31.85,19.61,0.59
6279,胡連,108.0,108.5,106.0,106.0,0.0,0.68
5356,協益,24.1,24.1,23.7,23.7,24.39,0.19
2520,冠德,34.55,34.8,34.45,34.7,36.36,0.43
2726,雅茗-KY,25.8,26.0,25.3,25.8,0.0,0.47
3450,聯鈞,44.9,45.25,44.6,44.65,31.88,0.42
5328,華容,11.5,11.65,11.3,11.35,0.0,0.71
8150,南茂,46.95,47.85,46.55,46.55,9.3,0.31
5520,力泰,55.5,55.6,51.8,52.5,0.0,0.46
2316,楠梓電,28.5,28.9,28.45,28.7,16.67,0.49
8935,邦泰,13.35,13.35,13.2,13.3,30.43,0.43833333333333335
1590,亞德客-KY,805.0,835.0,801.0,806.0,15.44,0.12
3178,公準,59.4,59.6,58.5,59.0,0.0,0.45
2615,萬海,148.0,151.5,145.0,145.0,3.57,0.51
3402,漢科,46.9,47.25,46.3,46.4,0.0,0.57
3555,重鵬,32.45,33.15,31.45,31.45,22.22,0.65
1595,川寶,37.85,37.2,36.75,36.8,0.0,0.55
2069,運錩,32.45,32.8,31.7,31.75,0.81,0.41
3687,歐買尬,148.0,153.0,146.0,148.0,46.15,0.61
6230,超眾,108.5,119.0,111.0,119.0,87.14,0.36
3003,健和興,75.4,76.2,74.2,74.6,22.67,0.61
6126,信音,23.5,23.5,22.9,22.9,0.0,0.41
3556,禾瑞亞,75.4,76.3,75.1,75.1,0.0,0.7
5272,笙科,30.65,32.1,31.1,31.8,0.0,0.63
2059,川湖,385.0,392.0,377.0,383.0,9.42,0.58
3306,鼎天,24.45,24.45,23.8,24.0,0.0,0.44
6168,宏齊,21.7,22.0,21.55,21.55,0.0,0.47
8455,大拓-KY,25.6,25.95,24.8,25.95,20.59,0.64
3095,及成,2.93,2.94,2.9,2.91,20.0,0.58
1538,正峰新,6.54,7.19,6.55,7.19,24.05,0.81
8064,東捷,18.8,19.15,18.7,18.95,21.05,0.68
3587,閎康,129.0,130.0,127.5,129.0,0.0,0.57
6266,泰詠,23.1,23.45,22.85,22.95,0.0,0.36
6271,同欣電,237.5,241.5,236.0,237.0,12.99,0.5
3131,弘塑,286.0,289.0,286.0,288.0,7.35,0.36
6829,千附精密,73.4,74.0,73.2,73.5,12.82,0.13
6276,安鈦克,17.2,17.3,17.0,17.15,0.0,0.64
5498,凱崴,10.8,10.85,10.65,10.75,0.0,0.56
1515,力山,41.05,41.4,40.7,40.9,0.0,0.41
2458,義隆,150.5,153.0,150.0,150.5,0.0,0.33
6148,驊宏資,13.55,13.55,13.45,13.45,0.0,0.39
6472,保瑞,158.0,159.0,152.5,154.0,4.88,0.47
3042,晶技,92.3,93.3,90.6,90.9,0.0,0.54
4745,合富-KY,31.2,31.7,29.45,30.15,8.91,0.56
2393,億光,44.0,44.7,44.15,44.4,6.0,0.54
6558,興能高,26.25,26.65,26.0,26.05,44.16,0.59
1802,台玻,22.75,22.95,22.5,22.55,5.56,0.71
6612,奈米醫材,83.3,84.9,81.0,81.6,34.88,0.32
8390,金益鼎,35.5,35.85,35.0,35.0,27.47,0.18
2505,國揚,20.85,21.1,20.7,20.75,5.41,0.58
8086,宏捷科,92.1,94.0,89.4,89.8,0.0,0.36
4924,欣厚-KY,12.8,12.8,12.65,12.65,16.67,0.28
3686,達能,16.55,16.95,16.45,16.45,46.0,0.5433333333333333
1455,集盛,14.45,14.6,14.25,14.5,0.0,0.8
2233,宇隆,103.0,105.5,102.0,102.5,0.0,0.51
6152,百一,8.92,8.99,8.88,8.88,0.0,0.65
1725,元禎,24.7,25.0,24.2,24.55,13.89,0.41
2482,連宇,11.95,12.1,11.9,12.0,0.0,0.56
4551,智伸科,133.5,134.5,130.0,131.0,31.11,0.33
3518,柏騰,19.5,19.9,19.3,19.45,0.0,0.59
3357,臺慶科,111.0,112.0,106.0,108.0,0.0,0.75
2008,高興昌,18.0,18.0,17.5,17.5,4.55,0.44
2033,佳大,22.15,22.55,21.05,21.2,0.0,0.31
8277,商丞,10.35,10.6,10.35,10.35,0.0,0.56
3491,昇達科,156.0,160.0,151.0,151.5,8.7,0.47
4552,力達-KY,29.35,29.55,29.3,29.5,16.67,0.29
3138,耀登,157.0,161.5,158.0,158.0,0.0,0.29
2024,志聯,24.45,24.8,23.6,23.85,20.0,0.53
3680,家登,217.0,229.5,216.0,216.0,28.12,0.45
1783,和康生,40.25,40.4,38.7,38.7,30.98,0.42
3594,磐儀,23.1,23.45,23.0,23.0,33.33,0.42
3563,牧德,187.5,191.0,187.5,189.5,3.7,0.28
5011,久陽,36.7,37.35,36.35,36.4,0.0,0.31
2241,艾姆勒,40.0,40.6,40.0,40.3,32.56,0.37
2321,東訊,6.15,6.33,6.15,6.15,45.28,0.63
4545,銘鈺,28.8,29.2,28.8,28.9,0.0,0.76
4939,亞電,21.3,21.65,21.2,21.25,0.0,0.26
3607,谷崧,12.45,12.85,12.55,12.6,12.5,0.56
2380,虹光,10.15,10.9,9.98,10.8,0.0,0.76
2467,志聖,44.2,44.45,43.8,44.25,0.0,0.78
2486,一詮,39.45,40.05,38.75,39.5,5.26,0.62
3062,建漢,22.85,23.3,22.6,22.85,4.35,0.58
3490,單井,28.0,28.7,27.9,28.1,1.85,0.64
3264,欣銓,44.8,45.2,44.0,44.0,20.69,0.42
8054,安國,48.5,49.4,47.8,48.2,0.0,0.41
6161,捷波,32.8,33.3,32.8,32.95,0.0,0.51
6153,嘉聯益,21.5,21.7,20.9,20.9,0.0,0.29
3709,鑫聯大投控,33.2,32.75,29.9,29.9,13.46,0.12
4721,美琪瑪,133.0,136.0,131.0,133.5,0.0,0.48
6523,達爾膚,83.0,83.7,82.9,82.9,25.81,0.3
3047,訊舟,10.6,10.9,10.6,10.85,0.0,0.78
4916,事欣科,26.1,26.65,26.15,26.25,5.33,0.43
4760,勤凱,71.6,72.6,69.0,69.7,3.7,0.61
6727,亞泰金屬,68.1,68.4,67.5,67.6,8.57,0.21
3031,佰鴻,19.3,19.65,19.15,19.15,0.0,0.68
1440,南紡,20.45,20.85,20.3,20.85,0.0,0.72
5607,遠雄港,51.8,53.5,52.3,52.8,28.12,0.47
2377,微星,119.0,122.5,118.5,121.0,30.0,0.5
1815,富喬,13.55,13.7,13.2,13.45,0.0,0.42
4303,信立,21.6,21.75,21.45,21.7,23.91,0.65
3017,奇鋐,105.0,109.0,103.0,103.0,33.33,0.3466666666666666
6741,91APP*-KY,136.0,141.0,133.5,133.5,9.8,0.34
1905,華紙,19.85,20.0,19.4,19.5,0.0,0.48
1338,廣華-KY,50.7,52.1,50.6,51.0,0.0,0.55
4923,力士,66.6,67.3,65.9,66.6,0.0,0.57
6289,華上,2.75,2.91,2.77,2.91,8.33,0.81
6278,台表科,102.0,103.0,100.5,101.5,13.79,0.23
3071,協禧,24.3,24.3,23.95,24.0,0.0,0.5
2369,菱生,21.9,22.25,21.6,21.6,0.0,0.5
3189,景碩,178.0,184.5,168.5,168.5,18.64,0.52
3663,鑫科,28.7,29.15,28.2,28.25,0.0,0.19
4162,智擎,85.8,87.2,82.0,82.0,52.63,0.29
2065,世豐,46.3,46.6,46.25,46.3,0.0,0.28
6679,鈺太科技,351.5,358.0,337.0,351.5,7.35,0.77
3551,世禾,62.4,63.2,62.1,62.9,0.0,0.29
3706,神達,27.95,28.2,27.95,28.0,38.89,0.42
3043,科風,4.25,4.3,4.1,4.13,13.64,0.24
3322,建舜電,20.0,20.55,19.9,19.9,0.0,0.45
6103,合邦,6.9,7.49,6.61,6.69,20.35,0.37
6288,聯嘉,23.3,23.55,23.1,23.15,14.89,0.61
8110,華東,14.95,15.1,14.75,14.85,0.0,0.77
4416,三圓,95.7,95.1,94.0,94.6,0.0,0.38
4946,辣椒,74.1,75.7,72.9,72.9,0.0,0.52
2408,南亞科,64.3,64.9,63.7,64.2,12.12,0.38
8103,瀚荃,40.2,40.65,40.0,40.2,16.82,0.41
6158,禾昌,31.85,32.55,31.45,32.0,2.94,0.44
6509,聚和,51.9,52.4,50.0,50.2,9.2,0.27
3363,上詮,26.95,27.3,26.7,26.7,3.12,0.35
2009,第一銅,41.7,41.9,39.0,39.7,21.33,0.38
5471,松翰,77.0,77.7,76.1,76.1,0.0,0.64
3390,旭軟,17.0,17.1,16.9,16.9,0.0,0.56
3094,聯傑,29.2,29.55,29.0,29.1,0.0,0.31
2374,佳能,23.25,24.3,23.55,23.6,0.0,0.61
3583,辛耘,75.3,77.1,74.5,76.9,7.0,0.77
8112,至上,47.15,47.35,46.15,46.15,0.0,0.62
2250,IKKA-KY,85.8,86.8,85.7,85.7,7.69,0.25
3034,聯詠,374.5,379.0,374.0,376.0,17.92,0.19
6207,雷科,30.8,31.1,30.35,30.45,0.0,0.52
3484,崧騰,63.9,65.8,63.9,64.0,0.0,0.32
3437,榮創,20.75,21.5,20.6,20.75,0.0,0.73
8271,宇瞻,41.3,41.95,41.3,41.8,46.67,0.74
8418,捷必勝-KY,10.2,10.2,10.05,10.2,10.0,0.4
6151,晉倫,32.7,33.0,32.4,32.5,12.31,0.2
3051,力特,20.65,21.2,20.0,20.0,18.02,0.19
5340,建榮,28.5,28.45,27.6,27.9,21.74,0.53
1316,上曜,17.45,17.75,17.4,17.75,2.13,0.7
3535,晶彩科,19.5,19.6,19.0,19.0,0.0,0.5
2399,映泰,19.7,19.9,19.0,19.0,2.22,0.27
1516,川飛,26.0,26.8,26.0,26.15,15.08,0.47
6593,台灣銘板,35.0,35.95,35.2,35.8,1.27,0.64
8092,建暐,10.25,10.5,10.1,10.3,20.0,0.44666666666666666
8415,大國鋼,35.25,35.95,34.9,35.8,1.89,0.63
8201,無敵,11.35,12.45,11.4,12.45,0.0,0.72
6138,茂達,197.0,201.5,196.0,196.0,14.81,0.13
1313,聯成,16.7,17.3,16.8,17.05,12.5,0.71
3625,西勝,19.0,19.2,18.75,18.9,0.0,0.53
3218,大學光,220.5,236.5,221.0,234.5,11.49,0.74
3325,旭品,14.6,14.6,14.3,14.5,0.0,0.76
3346,麗清,32.45,32.9,32.25,32.3,2.5,0.49
2017,官田鋼,17.6,17.75,17.15,17.2,0.0,0.74
3035,智原,248.5,255.0,242.0,242.5,11.48,0.24
2015,豐興,85.4,85.6,84.0,84.1,4.17,0.27
3037,欣興,202.0,208.0,197.0,199.5,11.36,0.41
3036,文曄,70.1,72.9,70.3,72.8,24.18,0.6
6525,捷敏-KY,78.8,79.7,78.0,78.1,12.79,0.51
3605,宏致,41.9,42.75,41.9,42.4,0.0,0.4
6706,惠特,160.5,164.0,160.0,161.5,0.0,0.28
6435,大中,131.5,133.5,130.0,130.5,8.11,0.41
6672,騰輝電子-KY,97.0,98.4,96.1,96.1,0.0,0.36
2049,上銀,219.0,222.0,217.0,217.0,5.88,0.63
2064,晉椿,26.35,26.9,25.1,25.3,0.0,0.35
8080,永利聯合,14.15,14.15,14.15,14.15,100.0,0.97
6651,全宇昕,85.0,85.6,83.1,83.1,0.0,0.41
6165,浪凡,28.55,29.0,28.2,28.4,0.0,0.41
6732,昇佳電子,368.0,374.5,365.0,367.5,0.0,0.36
4743,合一,199.0,200.5,195.0,196.5,0.0,0.52
6223,旺矽,90.1,91.5,89.9,89.9,8.75,0.74
2359,所羅門,23.75,24.3,22.7,23.7,0.0,0.65
5245,智晶,62.5,63.6,61.5,62.6,0.0,0.29
2303,聯電,45.5,46.1,45.25,45.75,0.0,0.33
6231,系微,89.6,93.8,88.6,92.7,0.0,0.67
2454,聯發科,837.0,837.0,825.0,833.0,2.04,0.37
2460,建通,22.3,22.8,21.8,21.85,0.0,0.24
6129,普誠,29.25,29.95,28.95,29.05,0.0,0.47
2007,燁興,18.2,18.5,17.7,17.7,1.49,0.6
5225,東科-KY,21.9,22.05,21.6,21.75,10.0,0.55
5244,弘凱,36.85,36.8,36.4,36.5,4.76,0.41
3527,聚積,140.5,143.0,139.0,139.0,0.0,0.21
2461,光群雷,20.55,21.0,20.6,20.8,0.0,0.67
2023,燁輝,22.3,22.55,21.6,21.65,0.0,0.37
1471,首利,6.74,6.83,6.73,6.75,0.0,0.8
5234,達興材料,99.8,101.5,100.0,100.5,0.0,0.675
5538,東明-KY,52.1,52.8,51.5,52.2,0.0,0.51
6465,威潤,22.05,22.2,21.3,22.05,18.18,0.41
1459,聯發,10.55,10.65,10.3,10.3,0.0,0.55
6438,迅得,104.5,110.0,106.0,108.5,0.0,0.71
8101,華冠,2.42,2.45,2.42,2.45,0.0,0.68
8182,加高,43.5,43.65,42.8,43.35,0.0,0.51
5344,立衛,19.0,19.9,19.1,19.55,0.0,0.61
2712,遠雄來,32.1,32.5,32.1,32.2,11.88,0.46
6590,普鴻,59.0,59.3,59.0,59.3,26.67,0.4
4956,光鋐,20.45,20.65,20.0,20.05,0.0,0.35
4534,慶騰,11.2,11.25,10.85,11.0,0.0,0.61
5215,科嘉-KY,56.2,57.0,54.9,55.1,20.51,0.28
2032,新鋼,31.45,32.2,30.05,30.05,0.0,0.56
3338,泰碩,43.85,45.0,44.0,44.35,0.0,0.61
3591,艾笛森,17.35,17.55,17.2,17.2,0.0,0.72
2038,海光,30.25,30.8,29.85,29.85,0.0,0.68
6792,詠業,110.0,112.5,109.5,110.5,11.11,0.44
3202,樺晟,15.5,15.5,14.9,15.15,6.98,0.6
6275,元山,34.3,34.4,34.0,34.05,2.56,0.71
3014,聯陽,96.2,97.0,96.0,96.0,0.0,0.24
3504,揚明光,65.1,68.0,66.1,66.9,2.74,0.6
3701,大眾控,52.5,53.5,49.8,49.8,0.63,0.42
4131,晶宇,13.85,13.6,13.1,13.1,2.44,0.51
8111,立碁,23.1,23.35,22.8,22.9,0.0,0.34
2732,六角,96.3,98.2,95.7,98.0,6.25,0.63
2010,春源,22.9,23.05,22.0,22.0,0.0,0.37
2376,技嘉,107.0,110.5,107.0,108.5,0.0,0.82
1810,和成,14.05,14.25,14.1,14.1,0.0,0.76
4564,元翎,31.4,31.8,31.15,31.15,0.0,0.4
3455,由田,84.9,85.8,83.0,84.0,0.0,0.64
5306,桂盟,163.5,164.0,159.5,161.0,18.92,0.51
6683,雍智科技,228.0,230.0,221.5,223.5,15.52,0.21
8016,矽創,256.0,260.0,252.0,252.0,0.0,0.56
2498,宏達電,48.75,50.0,49.0,49.8,0.0,0.36
6167,久正,11.35,11.35,10.95,11.0,0.0,0.62
4558,寶緯,40.35,40.6,40.15,40.45,5.19,0.25
3312,弘憶股,23.3,23.6,23.3,23.4,0.0,0.6
4739,康普,135.0,137.0,131.5,132.5,0.0,0.4
8081,致新,203.0,205.5,200.0,202.5,9.38,0.67
6698,旭暉應材,38.25,38.9,37.95,38.05,0.0,0.61
2324,仁寶,22.2,22.6,22.25,22.6,1.56,0.52
6175,立敦,36.7,37.2,36.2,36.35,0.0,0.5
8105,凌巨,10.75,10.8,10.6,10.75,6.25,0.4
8436,大江,173.0,175.5,171.0,171.0,0.0,0.43
6213,聯茂,101.5,103.0,101.0,102.0,26.09,0.52
2477,美隆電,24.55,24.85,24.45,24.7,4.0,0.4
8930,青鋼,16.3,16.75,16.2,16.25,0.0,0.56
3515,華擎,164.0,167.0,159.0,167.0,13.04,0.62
2492,華新科,121.5,123.0,119.5,121.0,0.0,0.41
6560,欣普羅,67.8,68.6,67.8,68.0,10.26,0.14
3059,華晶科,36.8,38.1,37.2,37.5,10.98,0.5
2924,東凌-KY,30.1,30.1,30.1,30.1,8.0,0.725
3008,大立光,1685.0,1715.0,1655.0,1655.0,69.23,0.72
5227,立凱-KY,68.5,69.4,67.1,67.5,20.17,0.59
3227,原相,116.5,119.5,116.0,117.5,0.0,0.33
5236,凌陽創新,113.0,115.0,111.5,112.5,0.0,0.8
3707,漢磊,110.0,113.5,108.0,110.0,0.0,0.77
2102,泰豐,22.85,23.05,22.6,22.7,0.0,0.61
2379,瑞昱,392.0,393.5,380.0,381.0,19.05,0.13
5274,信驊,2585.0,2730.0,2405.0,2485.0,10.15,0.41
2104,中橡,23.15,23.45,23.15,23.35,20.0,0.28
2323,中環,8.87,9.14,8.94,9.03,0.0,0.63
3624,光頡,73.5,76.6,71.5,71.5,0.0,0.59
6224,聚鼎,88.0,89.2,86.5,87.7,0.0,0.47
2014,中鴻,40.9,41.05,39.35,39.4,0.0,0.38
3372,典範,16.25,16.5,16.0,16.3,5.0,0.89
4976,佳凌,44.6,46.0,44.0,44.2,5.65,0.5
3349,寶德,19.2,19.4,19.1,19.4,56.25,0.42
3339,泰谷,15.85,16.15,15.6,15.75,0.0,0.48
6229,研通,34.2,35.15,33.9,34.4,0.0,0.6
3167,大量,57.9,58.4,57.6,57.6,0.0,0.47
6693,廣閎科,79.5,82.5,79.6,80.3,0.0,0.43
8046,南電,406.5,419.0,403.0,406.0,1.61,0.82
8299,群聯,385.5,395.0,383.5,393.0,0.0,0.57
3548,兆利,60.9,61.9,60.4,61.1,16.04,0.43
2340,台亞,42.1,43.1,42.2,42.25,0.0,0.34
3526,凡甲,165.5,168.0,164.0,164.5,0.0,0.27
2342,茂矽,36.15,36.6,36.1,36.1,3.85,0.42
5347,世界,103.0,104.5,101.5,102.0,0.0,0.52
2465,麗臺,57.3,58.4,55.0,55.0,44.63,0.19
3661,世芯-KY,821.0,854.0,797.0,801.0,7.44,0.42
2329,華泰,18.65,19.35,18.8,18.95,0.0,0.39
8261,富鼎,99.5,101.0,94.5,94.5,0.0,0.69
6510,精測,518.0,522.0,508.0,510.0,0.0,0.25
3714,富采,59.1,60.2,59.1,59.2,0.0,0.48
1721,三晃,20.9,21.3,20.15,20.15,2.0,0.34
6412,群電,69.8,70.5,69.7,70.0,7.5,0.25
2426,鼎元,22.15,22.45,21.9,21.9,0.0,0.63
3691,碩禾,158.0,160.5,153.0,153.0,0.0,0.41
6120,達運,10.75,10.95,10.7,10.75,0.0,0.6
4755,三福化,170.0,176.0,168.5,171.5,17.95,0.84
3005,神基,46.1,46.3,46.0,46.1,30.43,0.72
8358,金居,60.5,61.2,59.5,59.5,0.0,0.47
2022,聚亨,11.5,11.65,11.15,11.25,0.0,0.7
2358,廷鑫,20.35,20.7,20.0,20.25,0.0,0.48
6282,康舒,29.2,29.65,29.15,29.2,0.0,0.2
3049,和鑫,11.7,11.85,11.6,11.65,0.0,0.39
4503,金雨,24.55,25.1,24.15,24.15,52.17,0.58
3260,威剛,71.7,72.7,71.6,71.9,1.82,0.41
3058,立德,11.85,12.1,11.3,11.35,0.0,0.45
3018,同開,17.2,18.7,17.2,17.55,31.91,0.5
3219,倚強,93.0,95.2,92.6,93.1,27.64,0.34
8431,匯鑽科,60.4,61.3,59.2,60.1,20.0,0.32
3540,曜越,30.25,30.8,30.0,30.0,0.0,0.7
6538,倉和,73.0,73.5,71.9,72.4,8.45,0.32
2462,良得電,28.55,29.25,28.65,28.85,8.47,0.55
5483,中美晶,148.0,151.0,145.0,146.0,2.86,0.67
3481,群創,14.65,14.75,13.95,13.95,0.0,0.55
3684,榮昌,46.65,48.0,45.5,46.05,0.0,0.36
5321,美而快,133.0,133.5,120.0,122.0,12.0,0.05
8121,越峰,31.5,32.5,31.1,31.15,0.0,0.59
6494,九齊,119.0,122.0,117.0,117.0,0.0,0.46
9955,佳龍,26.2,27.2,25.45,25.5,0.7,0.52
5371,中光電,59.2,60.4,58.8,58.8,0.0,0.5
3536,誠創,4.61,4.89,4.53,4.69,0.0,0.6
6116,彩晶,13.0,13.2,12.8,13.05,0.0,0.39
4961,天鈺,176.0,180.0,172.5,172.5,0.0,0.44
3419,譁裕,17.15,17.4,16.85,17.0,0.0,0.64
8401,白紗科,16.15,16.25,16.05,16.2,12.5,0.5166666666666666
3508,位速,34.4,35.6,34.15,34.55,0.0,0.56
3545,敦泰,118.5,125.0,119.0,119.0,4.76,0.67
3228,金麗科,315.5,322.5,310.5,313.5,16.49,0.4
2409,友達,17.7,17.8,17.0,17.0,0.0,0.52
6491,晶碩,402.5,411.0,394.5,394.5,12.88,0.27
3081,聯亞,145.0,149.0,145.0,147.0,0.0,0.48
3324,雙鴻,162.0,167.0,158.5,160.0,16.67,0.4
6196,帆宣,123.5,128.0,124.5,125.5,0.0,0.58
3672,康聯訊,33.0,33.0,31.5,31.5,14.79,0.42
3443,創意,406.0,413.0,387.0,391.0,10.27,0.36
6425,易發,20.3,20.9,19.8,20.1,0.0,0.45
6203,海韻電,54.6,55.0,54.4,54.4,26.92,0.35
6127,九豪,21.8,22.2,21.7,21.85,0.0,0.56
8091,翔名,74.3,76.8,74.7,75.4,0.0,0.6
4414,如興,5.08,5.18,5.06,5.07,0.0,0.41
3383,新世紀,6.5,6.76,6.22,6.76,40.38,0.8
8155,博智,144.5,149.5,143.0,146.0,0.0,0.49
2375,凱美,63.2,65.6,63.4,65.1,0.0,0.65
6643,M31,266.5,273.0,260.5,266.0,1.14,0.46
2338,光罩,74.5,76.0,73.7,74.7,0.0,0.58
3066,李洲,33.6,35.5,33.6,33.8,0.0,0.48
3666,光耀,21.5,21.95,21.5,21.9,15.19,0.37
6202,盛群,95.1,97.1,94.0,94.0,6.73,0.35
6485,點序,117.5,121.0,116.0,116.5,11.54,0.39
6130,星寶國際,42.9,43.45,42.2,42.25,12.66,0.42
3259,鑫創,19.0,19.0,18.6,18.6,3.33,0.35
6488,環球晶,549.0,558.0,531.0,531.0,3.16,0.43
3041,揚智,27.0,27.45,26.75,26.8,0.0,0.39
3317,尼克森,55.4,56.5,54.6,54.8,0.0,0.49
6204,艾華,58.0,58.3,57.3,57.6,0.0,0.62
2436,偉詮電,71.6,73.0,69.3,69.3,0.0,0.47
2344,華邦電,27.0,27.35,26.7,26.95,12.5,0.53
2476,鉅祥,45.6,47.5,46.15,46.85,0.0,0.48
6265,方土昶,10.9,11.2,10.7,10.8,0.0,0.58
2006,東和鋼鐵,65.4,66.2,63.5,64.0,0.0,0.37
2455,全新,93.6,95.4,93.1,93.1,23.46,0.25
3628,盈正,44.25,47.3,44.6,46.15,16.22,0.61
8444,綠河-KY,86.2,86.8,77.6,77.7,19.46,0.09
2388,威盛,51.3,52.5,51.2,51.2,0.0,0.39
6515,穎崴,351.5,357.0,347.0,351.0,1.56,0.66
8040,九暘,50.0,51.0,49.0,49.0,0.0,0.39
8996,高力,52.9,53.9,52.4,53.1,13.24,0.53
5351,鈺創,64.1,65.5,62.0,62.0,4.55,0.48
3016,嘉晶,95.5,97.9,95.0,95.0,0.0,0.47
6582,申豐,113.0,114.0,108.5,109.0,0.0,0.69
6233,旺玖,22.3,23.2,22.0,22.4,4.55,0.45
3288,點晶,12.5,13.05,12.5,13.0,50.0,0.6
8077,洛碁,9.8,9.8,9.5,9.5,0.0,0.47
6228,全譜,19.05,19.6,18.85,18.85,0.0,0.39
8104,錸寶,50.5,52.3,50.2,51.2,0.0,0.47
2841,台開,2.68,2.68,2.68,2.68,0.0,0.87
5222,全訊,130.5,132.0,128.0,128.5,0.0,0.49
5269,祥碩,1450.0,1500.0,1390.0,1400.0,10.96,0.82
2481,強茂,78.7,80.2,76.4,77.0,0.0,0.47
5301,寶得利,12.25,12.8,11.9,11.9,0.0,0.385
6415,矽力-KY,2795.0,2790.0,2520.0,2560.0,35.71,0.77
3141,晶宏,133.0,136.0,131.5,132.0,6.94,0.39
6719,力智,485.0,493.5,465.5,470.0,18.59,0.8
4304,勝昱,12.6,11.95,11.35,11.35,28.57,0.21
4934,太極,24.0,24.25,23.6,23.7,6.35,0.51
6237,驊訊,53.7,55.3,53.4,53.9,0.0,0.62
2108,南帝,53.4,54.7,52.6,53.9,0.0,0.65
8450,霹靂,28.85,29.8,28.5,28.55,0.0,0.45
6533,晶心科,333.0,336.5,308.5,308.5,1.99,0.21
3105,穩懋,221.5,223.0,213.5,217.0,0.0,0.73
6531,愛普,251.5,257.5,246.0,247.5,15.7,0.32
5383,金利,29.05,29.3,28.1,28.3,0.0,0.55
6150,撼訊,110.5,114.0,108.0,111.0,9.09,0.56
4944,兆遠,15.45,15.5,15.2,15.2,57.45,0.48666666666666664
4945,陞達科技,68.4,70.7,68.0,68.9,0.0,0.49
3588,通嘉,106.0,109.0,101.5,101.5,2.7,0.21
6187,萬潤,105.5,107.0,102.5,104.5,4.65,0.53
6411,晶焱,137.0,139.0,132.5,132.5,0.0,0.47
4966,譜瑞-KY,1320.0,1350.0,1305.0,1310.0,2.08,0.78
5475,德宏,15.55,16.05,15.6,15.8,5.77,0.36
6781,AES-KY,931.0,946.0,896.0,911.0,20.38,0.54
6568,宏觀,157.0,160.5,149.5,151.5,15.87,0.36
3211,順達,83.8,84.2,82.1,82.3,4.55,0.33
6418,詠昇,14.65,14.7,14.3,14.35,0.0,0.8
6182,合晶,54.2,56.5,54.6,54.7,6.74,0.49
8255,朋程,174.5,178.5,169.5,170.0,0.0,0.42
6804,明係,48.65,50.5,49.3,49.3,58.2,0.38
6743,安普新,47.4,48.85,47.6,48.0,0.0,0.46
3710,連展投控,10.9,11.2,10.6,10.7,8.0,0.47
3006,晶豪科,121.5,125.0,121.0,122.0,4.17,0.47
6457,紘康,105.0,108.5,101.0,103.5,9.8,0.32
4912,聯德控股-KY,125.0,127.0,112.5,112.5,9.09,0.22
6763,綠界科技,521.0,538.0,515.0,524.0,12.4,0.63
6756,威鋒電子,305.5,314.5,300.0,300.0,13.71,0.3
3465,進泰電子,98.3,102.5,100.0,102.0,0.0,0.67
3169,亞信,153.5,157.5,147.0,148.0,2.63,0.21
6788,華景電,112.5,116.0,112.0,113.5,30.23,0.43
6104,創惟,199.5,207.0,197.0,203.5,2.15,0.55
3529,力旺,1125.0,1145.0,1065.0,1105.0,9.41,0.54
1432,大魯閣,11.55,11.75,11.25,11.3,13.33,0.5
2906,高林,17.8,19.0,17.5,17.5,0.0,0.45
6259,百徽,30.1,31.1,28.5,28.5,1.09,0.35
4930,燦星網,28.05,28.25,27.8,27.8,15.79,0.54
3532,台勝科,212.5,217.0,202.0,202.5,0.0,0.32
